File.Name,Protein.Group,Protein.Ids,Protein.Names,Genes,PG.Quantity,PG.Normalised,Genes.Quantity,Genes.Normalised,Genes.MaxLFQ,Genes.MaxLFQ.Unique,Modified.Sequence,Stripped.Sequence,Precursor.Charge,Q.Value,Protein.Q.Value,Global.PG.Q.Value,Global.Q.Value,Proteotypic,Precursor.Quantity,Precursor.Normalised,RT,iRT,Predicted.RT,Predicted.iRT,Lib.Q.Value,Ms1.Profile.Corr,Ms1.Area,Evidence,CScore,Decoy.Evidence,Decoy.CScore,Fragment.Quant.Raw,Fragment.Quant.Corrected,Fragment.Correlations,MS2.Scan,Run,LibPGQValue
D:\Raw\YQC\pre_qc_1.wiff.dia,P04161,P04161,PUR3_YEAST,ADE8,398.283,396.662,398.283,396.662,398.283,396.662,AADNNIPTK,AADNNIPTK2,2,0.000394477,0.00209205,0.000197239,0.001046025,1,137.564,137.004,6.94802,-30.8898,6.88626,-29.0125,0.000314564,0.799587,4533280,4.90397,0.997925,3.70101,0.0389313,821695;157485;86211.5;74259;28363.6;23583.4;,821695;155402;86211.5;74259;28363.6;6015.3;,0.984554;0.941531;0.970619;0.93528;0.828571;0.415067;,20748,Run5,0.001
D:\Raw\YQC\pre_qc_2.wiff.dia,P04161,P04161,PUR3_YEAST,ADE8,388.049,391.264,388.049,391.264,388.049,391.264,AADNNIPTK,AADNNIPTK2,2,0.000910664,0.0042796,0.000455332,0.0021398,1,131.278,132.365,6.97397,-30.8898,6.90764,-28.9015,0.000314564,0.734951,3063470,4.38124,0.997827,3.74276,0.0438951,600689;135836;54229;52403;15004.3;9384.76;,600689;135836;54229;52403;4574.89;2861.47;,0.990663;0.956318;0.895371;0.855053;0.554134;0.554134;,20748,Run6,0.001
D:\Raw\YQC\pre_qc_1.wiff.dia,P03965,P03965,CARB_YEAST,CPA2,2144.83,2136.09,2144.83,2136.09,2144.83,2136.09,AESTDDVDYIMR,AESTDDVDYIMR2,2,0.000394477,0.00175747,0.000197239,0.000878735,1,144.167,143.58,13.6149,36.2708,13.9342,35.0192,0.00147461,0.828399,2083630,2.91099,0.997441,1.8,0.04604,1.74087e+06;223923;31800.6;0;0;13412;,716968;223923;17872.1;0;0;0;,0.599096;0.983354;0.756687;0;0;0.328346;,23868,Run3,0.001
D:\Raw\YQC\pre_qc_2.wiff.dia,P03965,P03965,CARB_YEAST,CPA2,2142.64,2160.39,2142.64,2160.39,2142.64,2160.39,AESTDDVDYIMR,AESTDDVDYIMR2,2,0.000883295,0.0020202,0.000441648,0.0010101,1,151.787,153.044,13.6149,36.2708,13.9304,35.0316,0.00147461,0.973899,2810510,3.71968,0.997883,0,-1.00E+07,1.75077e+06;223828;0;16379.9;15591.6;71179.9;,1.75077e+06;194999;0;5760.31;0;71179.9;,0.983788;0.808346;0;0.632941;0.335494;0.945716;,23268,Run4,0.001
D:\Raw\YQC\pre_qc_3.wiff.dia,P03965,P03965,CARB_YEAST,CPA2,2142.95,2134.41,2142.95,2134.41,2142.95,2134.41,AESTDDVDYIMR,AESTDDVDYIMR2,2,0.000326122,0.00138122,0.000163061,0.00069061,1,152.697,152.089,13.6149,36.2708,13.9232,34.9916,0.00147461,0.86866,1812200,4.62514,0.997953,1.3413,0.0466243,1.7743e+06;270369;20528.9;18608.6;14644.6;48036.3;,1.12877e+06;141224;0;6080.23;4785.01;48036.3;,0.782445;0.720794;0.529402;0.657612;0.657612;0.934227;,23718,Run5,0.001
D:\Raw\YQC\pre_qc_2.wiff.dia,P04050,P04050,RPB1_YEAST,RPO21,755.799,762.06,755.799,762.06,755.799,762.06,AGDIQLQYGWK,AGDIQLQYGWK2,2,0.000910664,0.0042796,0.000455332,0.0021398,1,107.459,108.349,15.5883,47.8937,15.6953,47.353,0.000237826,0,0,2.88512,0.996287,0,-1.00E+07,150732;16158.3;46672.6;11317.3;,98335.3;5408.53;46672.6;0;,0.585509;0.612399;0.929634;0.457893;,78618,Run5,0.001
D:\Raw\YQC\pre_qc_3.wiff.dia,P04050,P04050,RPB1_YEAST,RPO21,763.664,760.621,763.664,760.621,763.664,760.621,AGDIQLQYGWK,AGDIQLQYGWK2,2,0.000763465,0.00138122,0.000381733,0.00069061,1,85.727,85.3853,15.5623,47.8937,15.6801,47.2204,0.000237826,0.576579,136208,3.01183,0.997161,0,-1.00E+07,143504;9392.61;42812.7;12240.5;,94030.4;0;42812.7;4303.66;,0.769821;0.455828;0.962404;0.63916;,78693,Run6,0.001
D:\Raw\YQC\pre_qc_1.wiff.dia,P03962,P03962,PYRF_YEAST,URA3,955.875,951.983,955.875,951.983,955.875,951.983,AGWEAYLR,AGWEAYLR2,2,0.000394477,0.00175747,0.000197239,0.000878735,1,172.131,171.43,16.8799,51.1376,16.3312,54.2645,0.00113368,0.887564,1596850,4.17259,0.997883,0,-1.00E+07,317066;239222;211398;114468;90825.7;,286374;239222;211398;106439;45350.1;,0.841044;0.968619;0.990594;0.816695;0.468732;,95884,Run4,0.001
D:\Raw\YQC\pre_qc_2.wiff.dia,P03962,P03962,PYRF_YEAST,URA3,960.907,968.867,960.907,968.867,960.907,968.867,AGWEAYLR,AGWEAYLR2,2,0.000883295,0.0020202,0.000441648,0.0010101,1,166.368,167.746,16.8538,51.1376,16.3347,54.0437,0.00113368,0.989198,2401820,4.04814,0.997903,1.4849,0.0373786,251336;239835;236300;93427.7;67402.7;,251336;230968;236300;91593.8;0;,0.949824;0.945903;0.9773;0.912767;0.0951514;,95959,Run5,0.001
D:\Raw\YQC\pre_qc_3.wiff.dia,P03962,P03962,PYRF_YEAST,URA3,1076.64,1072.35,1076.64,1072.35,1076.64,1072.35,AGWEAYLR,AGWEAYLR2,2,0.000326122,0.00138122,0.000163061,0.00069061,1,180.6,179.88,16.8538,51.1376,16.3325,54.1176,0.00113368,0.87161,2702150,3.72323,0.997828,1.73497,0.0439045,281740;231558;237243;107989;92069.7;,276074;231558;205060;107989;0;,0.864969;0.971407;0.82607;0.964328;-0.133668;,95884,Run6,0.001
D:\Raw\YQC\pre_qc_3.wiff.dia,P04147,P04147,PABP_YEAST,PAB1,2504.54,2494.55,2504.54,2494.55,2504.54,2494.55,AHYTNLYVK,AHYTNLYVK2,2,0.000326122,0.00138122,0.000163061,0.00069061,1,194.785,194.008,9.05862,1.05175,9.06006,0.673711,8.25968e-05,0.968368,46790500,5.93831,0.997789,1.91336,0.050521,5.82621e+06;5.20695e+06;4.97939e+06;3.44502e+06;3.36617e+06;2.35816e+06;,5.79692e+06;5.20695e+06;4.95841e+06;3.44502e+06;3.35649e+06;2.35816e+06;,0.992031;0.9902;0.992792;0.993206;0.987469;0.992449;,56733,Run1,0.001
D:\Raw\YQC\pre_qc_1.wiff.dia,P00447,P00447,SODM_YEAST,SOD2,282.215,281.066,282.215,281.066,282.215,281.066,AIDEQFGSLDELIK,AIDEQFGSLDELIK2,2,0.000394477,0.00209205,0.000197239,0.001046025,1,139.613,139.045,21.6513,83.7827,21.6429,83.8048,8.25968e-05,0.877929,9837090,5.71359,0.997674,1.79938,0.044021,1.72004e+06;849728;368058;285624;271752;267068;,1.72004e+06;834850;368058;285624;253094;258879;,0.99508;0.979373;0.959306;0.976459;0.897607;0.861504;,79176,Run3,0.001
D:\Raw\YQC\pre_qc_2.wiff.dia,P00447,P00447,SODM_YEAST,SOD2,311.399,313.979,311.399,313.979,311.399,313.979,AIDEQFGSLDELIK,AIDEQFGSLDELIK2,2,0.000883295,0.0042796,0.000441648,0.0021398,1,150.512,151.759,21.6513,83.7827,21.6472,83.8304,8.25968e-05,0.656069,15372000,4.78392,0.997887,3.50284,0.0412599,1.41292e+06;645106;420136;244586;404537;273661;,1.41292e+06;624362;366166;102555;0;106574;,0.992273;0.965832;0.833892;0.687083;0.271776;0.604793;,79101,Run4,0.001
D:\Raw\YQC\pre_qc_3.wiff.dia,P00447,P00447,SODM_YEAST,SOD2,328.458,327.149,328.458,327.149,328.458,327.149,AIDEQFGSLDELIK,AIDEQFGSLDELIK2,2,0.000326122,0.00138122,0.000163061,0.00069061,1,156.632,156.008,21.6513,83.7827,21.6432,83.8744,8.25968e-05,0.876705,12112700,5.6643,0.997952,1.89677,0.0370221,1.96373e+06;910269;394685;363073;310872;319315;,1.96373e+06;910269;382279;356356;303377;294323;,0.98986;0.993614;0.952401;0.947682;0.919922;0.845045;,79251,Run5,0.001
D:\Raw\YQC\pre_qc_3.wiff.dia,P00890,P00890,CISY1_YEAST,CIT1,2726.24,2715.37,2726.24,2715.37,2726.24,2715.37,AIGVLPQLIIDR,AIGVLPQLIIDR2,2,0.000326122,0.00138122,0.000163061,0.00069061,1,688.224,685.481,22.4524,88.4918,22.2922,89.7882,8.25968e-05,0.987241,24441000,5.83231,0.99779,0,-1.00E+07,3.23692e+06;1.81447e+06;1.01911e+06;797128;767410;677688;,3.23692e+06;1.81447e+06;1.01911e+06;797128;767410;677688;,0.995447;0.996939;0.993155;0.824968;0.993761;0.986843;,47418,Run1,0.001
D:\Raw\YQC\pre_qc_1.wiff.dia,P00890,P00890,CISY1_YEAST,CIT1,2629.82,2619.11,2629.82,2619.11,2629.82,2619.11,AIGVLPQLIIDR,AIGVLPQLIIDR3,3,0.000394477,0.00175747,0.000197239,0.000878735,1,15.6786,15.6148,22.4405,88.507,22.3022,89.6654,8.25968e-05,0.995567,23023900,5.77889,0.997851,0,-1.00E+07,2.86847e+06;1.58929e+06;904643;764418;693777;599964;,2.86094e+06;1.58453e+06;904643;395708;693777;599964;,0.994787;0.989909;0.992921;0.717374;0.995277;0.993235;,47568,Run2,0.001
D:\Raw\YQC\pre_qc_2.wiff.dia,P00890,P00890,CISY1_YEAST,CIT1,2645.55,2667.47,2645.55,2667.47,2645.55,2667.47,AIGVLPQLIIDR,AIGVLPQLIIDR3,3,0.000910664,0.0020202,0.000455332,0.0010101,1,13.407,13.5181,22.4404,88.507,22.3111,89.5906,8.25968e-05,0.98431,18173200,5.75268,0.997665,0,-1.00E+07,2.28611e+06;1.27899e+06;653106;615143;553049;443047;,2.27243e+06;1.26232e+06;645696;299632;553049;435594;,0.996567;0.984434;0.971785;0.722805;0.991784;0.979761;,47568,Run3,0.001
D:\Raw\YQC\pre_qc_3.wiff.dia,P00890,P00890,CISY1_YEAST,CIT1,2726.24,2715.37,2726.24,2715.37,2726.24,2715.37,AIGVLPQLIIDR,AIGVLPQLIIDR3,3,0.000326122,0.00138122,0.000163061,0.00069061,1,17.9973,17.9256,22.4664,88.507,22.2941,89.9087,8.25968e-05,0.991838,23281400,5.79428,0.997892,0,-1.00E+07,2.94978e+06;1.61287e+06;974451;819100;718771;576596;,2.94978e+06;1.61287e+06;974451;512959;718771;576595;,0.993611;0.99523;0.989832;0.786314;0.987595;0.991925;,47493,Run4,0.001
D:\Raw\YQC\pre_qc_1.wiff.dia,O14467,O14467,MBF1_YEAST,MBF1,2328.38,2318.9,2328.38,2318.9,2328.38,2318.9,AIPNQQVLSK,AIPNQQVLSK2,2,0.000506227,0.00214286,0.000253114,0.00107143,1,1138.45,1133.82,9.31803,3.77206,9.38255,3.28968,0.000314564,0.628585,1905770,2.29466,0.629478,1.55806,0.0679112,38100.5;148701;162726;159620;,0;43720;162726;120229;,0.412478;0.288689;0.886423;0.684778;,69721,Run6,0.001
D:\Raw\YQC\pre_qc_2.wiff.dia,P00817,P00817,IPYR_YEAST,IPP1,10542.7,10630,10542.7,10630,10542.7,10630,ALGIMALLDEGETDWK,ALGIMALLDEGETDWK3,3,0.000883295,0.0020202,0.000441648,0.0010101,1,180.514,182.01,25.4652,119.103,25.4787,119.081,0.00987191,0.605434,928716,1.78281,0.98327,1.44367,0.221118,32093.6;198874;63530.2;146858;0;,0;36604.7;63530.2;23154.3;0;,-0.264575;-0.0832405;0.770797;-0.0807015;0;,82245,Run1,0.001
D:\Raw\YQC\pre_qc_3.wiff.dia,P00817,P00817,IPYR_YEAST,IPP1,10538.3,10496.3,10538.3,10496.3,10538.3,10496.3,ALGIMALLDEGETDWK,ALGIMALLDEGETDWK3,3,0.000326122,0.00138122,0.000163061,0.00069061,1,179.108,178.394,25.4652,119.103,25.4751,119.112,0.00987191,0.0554297,412615,2.63792,0.996536,1.73007,0.433207,0;139759;41844.4;73769;37095.5;,0;68076.5;37079.7;60398.4;37095.5;,0;0.431882;0.884957;0.866227;0.920224;,82395,Run2,0.001
D:\Raw\YQC\pre_qc_1.wiff.dia,P00890,P00890,CISY1_YEAST,CIT1,2629.82,2619.11,2629.82,2619.11,2629.82,2619.11,ALSADLAAR,ALSADLAAR2,2,0.000394477,0.00175747,0.000197239,0.000878735,1,873.067,869.512,10.014,5.31033,9.5836,9.14735,0.000796477,0.0856979,911942,2.46196,0.986559,1.50341,0.0858857,127496;63885.7;34923.2;18759.3;,127496;63885.7;7175.09;0;,0.965933;0.943033;0.406015;-0.477529;,22307,Run3,0.001
D:\Raw\YQC\pre_qc_2.wiff.dia,P00890,P00890,CISY1_YEAST,CIT1,2645.55,2667.47,2645.55,2667.47,2645.55,2667.47,ALSADLAAR,ALSADLAAR2,2,0.000883295,0.0020202,0.000441648,0.0010101,1,853.769,860.841,10.014,5.31033,9.58432,9.21726,0.000796477,0.705011,1803410,2.82328,0.9977,1.10741,0.0540329,275584;153880;69198.4;46174.3;,188078;137275;69198.4;0;,0.780941;0.804408;0.932694;-0.320509;,22232,Run4,0.001
D:\Raw\YQC\pre_qc_3.wiff.dia,P00890,P00890,CISY1_YEAST,CIT1,2726.24,2715.37,2726.24,2715.37,2726.24,2715.37,ALSADLAAR,ALSADLAAR2,2,0.000326122,0.00138122,0.000163061,0.00069061,1,953.415,949.615,10.0139,5.31033,9.56969,9.42322,0.000796477,0.0331575,1556980,2.68924,0.975813,1.24406,0.0424007,116136;93232.4;74821.8;79248.9;,116136;93232.4;0;17029.9;,0.814096;0.953087;0.301377;-0.0501769;,22307,Run5,0.001
D:\Raw\YQC\pre_qc_1.wiff.dia,P04147,P04147,PABP_YEAST,PAB1,2584.08,2573.56,2584.08,2573.56,2584.08,2573.56,ALYDTFSVFGDILSSK,ALYDTFSVFGDILSSK2,2,0.000394477,0.00175747,0.000197239,0.000878735,1,127.434,126.915,25.5268,121.913,25.66,120.041,8.25968e-05,0.9135,680245,5.74977,0.997866,0,-1.00E+07,391288;320159;254278;202301;306661;123247;,391288;320159;246846;202301;261440;123247;,0.981851;0.985318;0.969699;0.961784;0.877274;0.934781;,85297,Run6,0.001
D:\Raw\YQC\pre_qc_1.wiff.dia,P00330,P00330,ADH1_YEAST,ADH1,12964.1,12911.3,12964.1,12911.3,12964.1,12911.3,ANELLINVK,ANELLINVK1,1,0.000447678,0.00175747,0.000223839,0.000878735,1,324.784,323.462,14.5835,41.0564,14.5768,40.299,0.00274459,0.597905,1119470,2.888,0.996782,0,-1.00E+07,103854;205193;70021.5;110929;,103854;186206;64886.2;19913.1;,0.80675;0.872098;0.806271;0.186721;,52171,Run1,0.001
D:\Raw\YQC\pre_qc_2.wiff.dia,P00330,P00330,ADH1_YEAST,ADH1,5235.48,5278.85,5235.48,5278.85,5235.48,5278.85,ANELLINVK,ANELLINVK1,1,0.00080064,0.0020202,0.00040032,0.0010101,1,315.371,317.983,14.5834,41.0564,14.5774,40.2292,0.00274459,0.67769,734743,3.13685,0.997705,0,-1.00E+07,215269;208442;24094.8;140871;,215269;199491;6931.73;140871;,0.98359;0.891104;0.485278;0.875503;,52246,Run2,0.001
D:\Raw\YQC\pre_qc_3.wiff.dia,P00330,P00330,ADH1_YEAST,ADH1,5286.69,5265.62,5286.69,5265.62,5286.69,5265.62,ANELLINVK,ANELLINVK1,1,0.000469925,0.00138122,0.000234963,0.00069061,1,320.698,319.42,14.5834,41.0564,14.5723,40.2836,0.00274459,0,0,2.21293,0.976492,0,-1.00E+07,101141;109697;0;69261.1;,101141;109697;0;0;,0.93949;0.967066;0;0.27003;,52171,Run3,0.001
D:\Raw\YQC\pre_qc_1.wiff.dia,P00560,P00560,PGK_YEAST,PGK1,21915.8,21826.6,21915.8,21826.6,21915.8,21826.6,ASAPGSVILLENLR,ASAPGSVILLENLR3,3,0.00184298,0.00175747,0.00092149,0.000878735,1,2831.63,2820.1,20.5716,74.8856,20.484,75.6904,0.000448587,0.871221,1259730,3.90763,0.997906,0,-1.00E+07,192487;196244;176010;102743;,192487;196244;171439;102743;,0.985106;0.985937;0.980008;0.934304;,80780,Run5,0.001
D:\Raw\YQC\pre_qc_2.wiff.dia,P00560,P00560,PGK_YEAST,PGK1,24026.4,24225.4,24026.4,24225.4,24026.4,24225.4,ASAPGSVILLENLR,ASAPGSVILLENLR3,3,0.00162768,0.0020202,0.00081384,0.0010101,1,2786.11,2809.19,20.5716,74.8856,20.4855,75.7153,0.000448587,0.88681,866336,3.54926,0.997784,0,-1.00E+07,138964;147793;146623;39325.3;,90503.5;113761;92616.5;39325.3;,0.785284;0.858889;0.842794;0.944709;,80630,Run6,0.001
D:\Raw\YQC\pre_qc_1.wiff.dia,P00958,P00958,SYMC_YEAST,MES1,912.775,909.059,912.775,909.059,912.775,909.059,ASEEGNWSK,ASEEGNWSK2,2,0.00442842,0.00175747,0.00221421,0.000878735,1,30.0837,29.9612,7.36578,-23.2103,7.28464,-21.013,8.25968e-05,0,0,5.6503,0.997889,0,-1.00E+07,427602;327704;165667;121715;141552;129781;,392860;253596;165667;113905;141510;122368;,0.939716;0.960194;0.964374;0.917526;0.942591;0.934096;,94571,Run4,0.001
D:\Raw\YQC\pre_qc_2.wiff.dia,P00958,P00958,SYMC_YEAST,MES1,911.967,919.521,911.967,919.521,911.967,919.521,ASEEGNWSK,ASEEGNWSK2,2,0.00126847,0.0020202,0.000634235,0.0010101,1,36.5211,36.8236,7.36573,-23.2103,7.29674,-21.4115,8.25968e-05,0,0,4.84792,0.997943,1.69055,0.0621207,558413;355498;192033;84324.3;177427;67813.3;,558413;341007;113487;84324.3;94281.9;29252.8;,0.997065;0.955094;0.763015;0.839704;0.782085;0.615308;,94796,Run5,0.001
D:\Raw\YQC\pre_qc_3.wiff.dia,P00958,P00958,SYMC_YEAST,MES1,974.031,970.149,974.031,970.149,974.031,970.149,ASEEGNWSK,ASEEGNWSK2,2,0.003663,0.00138122,0.0018315,0.00069061,1,48.0182,47.8268,7.36573,-23.2103,7.29879,-21.4017,8.25968e-05,0,0,5.36338,0.99786,0,-1.00E+07,476834;310050;220876;79201.6;153334;55526.2;,458357;282363;220876;35777.7;153334;28412.5;,0.976087;0.961523;0.989423;0.723896;0.917537;0.728396;,94721,Run6,0.001
D:\Raw\YQC\pre_qc_1.wiff.dia,P00425,P00425,COX5B_YEAST,COX5B,229.789,228.854,229.789,228.854,229.789,228.854,ATLTDLPER,ATLTDLPER2,2,0.00196874,0.0038525,0.00098437,0.00192625,1,79.3453,79.0222,10.8755,15.5004,10.784,15.7969,0.00174002,0,0,2.96701,0.990182,0,-1.00E+07,94673.7;60935.3;11331.8;26253.2;0;0;,47804.8;33750.4;0;26253.2;0;0;,0.279469;0.762695;0.57022;0.943015;0;0;,68243,Run4,0.001
D:\Raw\YQC\pre_qc_2.wiff.dia,P00425,P00425,COX5B_YEAST,COX5B,212.075,213.831,212.075,213.831,212.075,213.831,ATLTDLPER,ATLTDLPER2,2,0.00182686,0.00628648,0.00091343,0.00314324,1,80.6956,81.3641,10.8755,15.5004,10.7915,15.8772,0.00174002,0,0,2.26796,0.752142,1.61905,0.26019,68125.3;32405.8;0;37006.4;0;0;,56233.4;7871.44;0;37006.4;0;0;,0.822176;0.435561;0;0.930965;0;0;,68393,Run5,0.001
D:\Raw\YQC\pre_qc_3.wiff.dia,P00425,P00425,COX5B_YEAST,COX5B,265.529,264.471,265.529,264.471,265.529,264.471,ATLTDLPER,ATLTDLPER2,2,0.000514183,0.00180072,0.000257092,0.00090036,1,93.7191,93.3456,10.8755,15.5004,10.7778,15.8657,0.00174002,0,0,2.80435,0.974496,0,-1.00E+07,90825.7;31753.6;0;43549;0;0;,68105.1;31753.6;0;36999.5;0;0;,0.773289;0.929195;0;0.881089;0;0;,68393,Run6,0.001
D:\Raw\YQC\pre_qc_1.wiff.dia,P00937,P00937,TRPG_YEAST,TRP3,848.399,844.945,848.399,844.945,848.399,844.945,AVAAEQALK,AVAAEQALK2,2,0.000879226,0.00209205,0.000439613,0.001046025,1,370.508,369,8.22072,-12.2866,7.99196,-8.77109,0.00732828,-0.169725,0,2.66355,0.995826,1.41933,0.0631694,220158;121536;246152;34302;,169071;119055;107844;34302;,0.829519;0.904921;-0.335255;0.867785;,88400,Run5,0.001
D:\Raw\YQC\pre_qc_3.wiff.dia,P00937,P00937,TRPG_YEAST,TRP3,882.752,879.234,882.752,879.234,882.752,879.234,AVAAEQALK,AVAAEQALK2,2,0.000326122,0.0015456,0.000163061,0.0007728,1,381.842,380.32,8.22067,-12.2866,7.99954,-8.94873,0.00732828,0,0,2.13079,0.730389,1.43695,0.0481562,271282;32876.8;175606;43966.1;,178720;10028.1;175606;19678.5;,0.729613;0.499759;0.93232;0.7908;,88400,Run6,0.001
D:\Raw\YQC\pre_qc_3.wiff.dia,P00925,P00925,ENO2_YEAST,ENO2,19949.6,19870.1,19949.6,19870.1,19949.6,19870.1,AVDDFLLSLDGTANK,AVDDFLLSLDGTANK3,3,0.00145906,0.00138122,0.00072953,0.00069061,1,648.781,646.196,21.4839,82.1309,21.4285,82.5732,0.000763541,0.12127,592770,1.38877,0.531545,0,-1.00E+07,304670;241838;0;0;,304670;173083;0;0;,0.956226;0.479736;0;0;,56590,Run2,0.001
D:\Raw\YQC\pre_qc_1.wiff.dia,P03965,P03965,CARB_YEAST,CPA2,2144.83,2136.09,2144.83,2136.09,2144.83,2136.09,AVFNLASK,AVFNLASK2,2,0.000506227,0.00175747,0.000253114,0.000878735,1,584.137,581.758,12.4566,22.4029,11.6972,27.7766,8.25968e-05,0.98273,8064350,5.87852,0.997844,2.00293,0.0389176,1.15955e+06;890513;601868;690139;535818;372619;,1.15955e+06;879570;595922;690139;535818;372619;,0.981125;0.989667;0.989076;0.994713;0.989489;0.977103;,33644,Run2,0.001
D:\Raw\YQC\pre_qc_2.wiff.dia,P03965,P03965,CARB_YEAST,CPA2,2142.64,2160.39,2142.64,2160.39,2142.64,2160.39,AVFNLASK,AVFNLASK2,2,0.000883295,0.0020202,0.000441648,0.0010101,1,592.071,596.975,12.4565,22.4029,11.7073,27.7797,8.25968e-05,0.97747,7123180,5.89437,0.997618,1.75266,0.0683052,1.08385e+06;774943;577556;620892;441543;369038;,1.08385e+06;774943;577556;609162;441543;369038;,0.993335;0.987248;0.98419;0.983053;0.971856;0.988502;,33644,Run3,0.001
D:\Raw\YQC\pre_qc_3.wiff.dia,P03965,P03965,CARB_YEAST,CPA2,2142.95,2134.41,2142.95,2134.41,2142.95,2134.41,AVFNLASK,AVFNLASK2,2,0.000469925,0.00138122,0.000234963,0.00069061,1,578.76,576.453,12.4565,22.4029,11.7073,27.8551,8.25968e-05,0.935339,8761350,5.94876,0.99784,0,-1.00E+07,1.35531e+06;965456;741969;767624;642747;478986;,1.3499e+06;965023;741969;752181;642747;478986;,0.991898;0.990759;0.989575;0.985089;0.989789;0.989513;,33194,Run4,0.001
D:\Raw\YQC\pre_qc_1.wiff.dia,P00815,P00815,HIS2_YEAST,HIS4,2999.14,2986.93,2999.14,2986.93,2999.14,2986.93,AVMC(UniMod:4)VAK,AVMC(UniMod:4)VAK1,1,0.000394477,0.00175747,0.000197239,0.000878735,1,42.5767,42.4033,8.02773,-14.3373,7.85954,-11.5589,8.25968e-05,0.984624,18632500,5.8929,0.997789,0,-1.00E+07,3.23294e+06;1.53291e+06;1.2181e+06;1.33971e+06;659492;386993;,3.23294e+06;1.50533e+06;1.2181e+06;1.33971e+06;659492;382522;,0.994229;0.989472;0.992392;0.98836;0.987308;0.977818;,47120,Run1,0.001
D:\Raw\YQC\pre_qc_2.wiff.dia,P00815,P00815,HIS2_YEAST,HIS4,3105.53,3131.25,3105.53,3131.25,3105.53,3131.25,AVMC(UniMod:4)VAK,AVMC(UniMod:4)VAK1,1,0.000883295,0.0020202,0.000441648,0.0010101,1,45.5805,45.9581,8.0277,-14.3373,7.86281,-11.5189,8.25968e-05,0.981048,15301700,5.8936,0.997851,0,-1.00E+07,3.14636e+06;1.6283e+06;1.29864e+06;1.362e+06;693152;325221;,3.14636e+06;1.61875e+06;1.29864e+06;1.362e+06;672827;325221;,0.990411;0.978424;0.995608;0.995618;0.979514;0.975178;,47345,Run2,0.001
D:\Raw\YQC\pre_qc_3.wiff.dia,P00815,P00815,HIS2_YEAST,HIS4,3090.34,3078.03,3090.34,3078.03,3090.34,3078.03,AVMC(UniMod:4)VAK,AVMC(UniMod:4)VAK1,1,0.000326122,0.00138122,0.000163061,0.00069061,1,51.3059,51.1014,8.02768,-14.3373,7.86375,-11.5502,8.25968e-05,0.990642,11307900,5.42947,0.997659,0,-1.00E+07,2.4621e+06;1.24043e+06;1.02365e+06;1.0192e+06;528836;246253;,2.4621e+06;1.23039e+06;1.01326e+06;1.0192e+06;526083;246253;,0.992313;0.978871;0.986662;0.991176;0.987643;0.970397;,47345,Run3,0.001
D:\Raw\YQC\pre_qc_3.wiff.dia,P00729,P00729,CBPY_YEAST,PRC1,1200.4,1195.61,1200.4,1195.61,1200.4,1195.61,AWTDVLPWK,AWTDVLPWK2,2,0.000326122,0.00138122,0.000163061,0.00069061,1,764.973,761.924,22.0836,86.1442,21.9691,86.8391,0.000314564,0.942055,2088910,2.54209,0.969631,0,-1.00E+07,216734;109582;43329.9;47745.9;0;,85741.6;109582;16248.7;0;0;,0.751472;0.659112;0.552902;-0.216148;0;,48492,Run1,0.001
D:\Raw\YQC\pre_qc_1.wiff.dia,P00427,P00427,COX6_YEAST,COX6,798.924,795.672,798.924,795.672,798.924,795.672,AYLDELK,AYLDELK2,2,0.00120064,0.00214286,0.00060032,0.00107143,1,185.87,185.113,12.2226,21.8211,11.6483,26.2478,8.25968e-05,0.977228,13395400,5.95379,0.997783,2.30157,0.0483771,3.38701e+06;2.20579e+06;2.20748e+06;2.41699e+06;1.99528e+06;2.15217e+06;,3.38701e+06;2.20579e+06;2.20748e+06;2.41699e+06;1.99528e+06;2.15217e+06;,0.989931;0.995049;0.991597;0.990299;0.991652;0.996088;,69687,Run1,0.001
D:\Raw\YQC\pre_qc_2.wiff.dia,P00427,P00427,COX6_YEAST,COX6,764.778,771.113,764.778,771.113,764.778,771.113,AYLDELK,AYLDELK2,2,0.00119697,0.0042796,0.000598485,0.0021398,1,172.504,173.933,12.2226,21.8211,11.6592,26.1372,8.25968e-05,0.992891,11673800,5.96697,0.997849,2.29672,0.0419865,3.28148e+06;2.15332e+06;2.13274e+06;2.43849e+06;2.02145e+06;2.09216e+06;,3.28148e+06;2.15332e+06;2.13274e+06;2.43849e+06;2.02145e+06;2.09216e+06;,0.995012;0.995257;0.993744;0.993568;0.993932;0.997837;,69687,Run2,0.001
D:\Raw\YQC\pre_qc_3.wiff.dia,P00427,P00427,COX6_YEAST,COX6,782.736,779.616,782.736,779.616,782.736,779.616,AYLDELK,AYLDELK2,2,0.000535906,0.0015456,0.000267953,0.0007728,1,184.701,183.964,12.2226,21.8211,11.6623,26.229,8.25968e-05,0.97915,12597500,5.9446,0.997661,1.96096,0.0538354,3.18425e+06;2.00813e+06;1.90388e+06;2.09609e+06;1.84431e+06;1.96511e+06;,3.18425e+06;2.00813e+06;1.90388e+06;2.09609e+06;1.84431e+06;1.96511e+06;,0.984045;0.992449;0.993025;0.992624;0.985249;0.990968;,69612,Run3,0.001
D:\Raw\YQC\pre_qc_2.wiff.dia,P00427,P00427,COX6_YEAST,COX6,764.778,771.113,764.778,771.113,764.778,771.113,AYLDELKDVR,AYLDELKDVR2,2,0.00796241,0.0042796,0.003981205,0.0021398,1,225.949,227.82,13.4807,35.2427,13.7035,34.3535,8.25968e-05,0.978947,11293900,5.94796,0.997883,2.20124,0.0476759,3.34858e+06;2.17935e+06;2.05932e+06;2.35899e+06;1.99868e+06;2.20376e+06;,3.34656e+06;2.17935e+06;2.05932e+06;2.35899e+06;1.99868e+06;2.20376e+06;,0.986875;0.985055;0.991884;0.990348;0.992511;0.99542;,69612,Run4,0.001
D:\Raw\YQC\pre_qc_1.wiff.dia,P00427,P00427,COX6_YEAST,COX6,798.924,795.672,798.924,795.672,798.924,795.672,AYLDELKDVR,AYLDELKDVR3,3,0.000394477,0.00214286,0.000197239,0.00107143,1,251.901,250.875,13.4693,32.9623,13.2364,34.2665,8.25968e-05,0.983062,13236000,5.95044,0.997951,0,-1.00E+07,3.56237e+06;2.27958e+06;2.23281e+06;2.41117e+06;2.14203e+06;2.21824e+06;,3.56237e+06;2.27958e+06;2.23281e+06;2.41117e+06;2.14203e+06;2.21824e+06;,0.992406;0.99253;0.993402;0.992777;0.989381;0.993895;,69687,Run5,0.001
D:\Raw\YQC\pre_qc_2.wiff.dia,P00427,P00427,COX6_YEAST,COX6,764.778,771.113,764.778,771.113,764.778,771.113,AYLDELKDVR,AYLDELKDVR3,3,0.000883295,0.0042796,0.000441648,0.0021398,1,235.517,237.468,13.4693,32.9623,13.2254,34.2977,8.25968e-05,0.991245,13679400,5.9469,0.997842,1.94325,0.0455672,3.56822e+06;2.21242e+06;2.2011e+06;2.35946e+06;2.04337e+06;2.18854e+06;,3.56822e+06;2.21242e+06;2.2011e+06;2.34204e+06;2.04337e+06;2.18854e+06;,0.987914;0.993603;0.979747;0.987894;0.991678;0.990273;,69762,Run6,0.001
D:\Raw\YQC\pre_qc_1.wiff.dia,P00498,P00498,HIS1_YEAST,HIS1,2374.91,2365.24,2374.91,2365.24,2374.91,2365.24,C(UniMod:4)DLGITGVDQVR,C(UniMod:4)DLGITGVDQVR2,2,0.000394477,0.00175747,0.000197239,0.000878735,1,359.379,357.916,13.4837,35.0953,13.6675,34.3394,0.00469321,0.500268,2134810,2.97584,0.997307,0,-1.00E+07,272569;240083;105386;170067;,134604;133018;105386;102810;,0.199441;0.550458;0.953767;0.572671;,61996,Run2,0.001
D:\Raw\YQC\pre_qc_2.wiff.dia,P00498,P00498,HIS1_YEAST,HIS1,2369.99,2389.62,2369.99,2389.62,2369.99,2389.62,C(UniMod:4)DLGITGVDQVR,C(UniMod:4)DLGITGVDQVR2,2,0.000883295,0.0020202,0.000441648,0.0010101,1,370.554,373.623,13.4837,35.0953,13.6672,34.3683,0.00469321,0.796903,2310380,1.84743,0.973017,0,-1.00E+07,230551;182142;70832.5;32521.8;,31328.9;74520.9;70832.5;12195.7;,-0.542745;0.379024;0.662481;0.575181;,61921,Run3,0.001
D:\Raw\YQC\pre_qc_3.wiff.dia,P00498,P00498,HIS1_YEAST,HIS1,2407.75,2398.15,2407.75,2398.15,2407.75,2398.15,C(UniMod:4)DLGITGVDQVR,C(UniMod:4)DLGITGVDQVR2,2,0.000326122,0.00138122,0.000163061,0.00069061,1,361.511,360.07,13.4837,35.0953,13.6605,34.3192,0.00469321,0.354755,1104990,2.54006,0.995219,0,-1.00E+07,157304;217149;114179;132487;,130883;103163;114179;0;,0.826939;0.298882;0.971209;0.0501394;,62071,Run5,0.001
D:\Raw\YQC\pre_qc_1.wiff.dia,P00958,P00958,SYMC_YEAST,MES1,912.775,909.059,912.775,909.059,912.775,909.059,C(UniMod:4)GALLDPFELINPR,C(UniMod:4)GALLDPFELINPR2,2,0.000394477,0.00175747,0.000197239,0.000878735,1,234.41,233.456,24.9797,112.653,24.9744,112.493,8.91663e-05,0.96865,19164300,4.52307,0.99135,1.12062,0.0469465,2.28004e+06;0;1.06803e+06;1.50407e+06;1.29307e+06;624129;,2.28004e+06;0;986011;1.42363e+06;1.11335e+06;375346;,0.963265;0;0.920736;0.927785;0.939274;0.710292;,88321,Run1,0.001
D:\Raw\YQC\pre_qc_2.wiff.dia,P00958,P00958,SYMC_YEAST,MES1,911.967,919.521,911.967,919.521,911.967,919.521,C(UniMod:4)GALLDPFELINPR,C(UniMod:4)GALLDPFELINPR2,2,0.000883295,0.0020202,0.000441648,0.0010101,1,250.771,252.848,24.9796,112.653,24.9795,112.435,8.91663e-05,0.974625,15204300,4.46883,0.988575,2.1054,0.038861,2.04158e+06;0;1.20999e+06;1.41876e+06;1.07998e+06;440019;,2.0039e+06;0;1.18015e+06;1.37049e+06;1.07998e+06;267603;,0.833971;0;0.947321;0.92234;0.981225;0.682413;,88396,Run2,0.001
D:\Raw\YQC\pre_qc_3.wiff.dia,P00958,P00958,SYMC_YEAST,MES1,974.031,970.149,974.031,970.149,974.031,970.149,C(UniMod:4)GALLDPFELINPR,C(UniMod:4)GALLDPFELINPR2,2,0.000326122,0.00138122,0.000163061,0.00069061,1,238.095,237.146,24.9796,112.653,24.9635,112.522,8.91663e-05,0.9067,14129400,4.18369,0.976585,1.26186,0.047251,2.40003e+06;0;1.35069e+06;1.45891e+06;1.38857e+06;154282;,2.40003e+06;0;1.29615e+06;1.45891e+06;1.226e+06;0;,0.974112;0;0.958498;0.984171;0.989875;0.364572;,88471,Run3,0.001
D:\Raw\YQC\pre_qc_2.wiff.dia,P00958,P00958,SYMC_YEAST,MES1,911.967,919.521,911.967,919.521,911.967,919.521,C(UniMod:4)KLDDASPEPK,C(UniMod:4)KLDDASPEPK2,2,0.00126847,0.0020202,0.000634235,0.0010101,1,14.9816,15.1057,7.16437,-19.0475,7.53761,-25.0928,8.25968e-05,0.902499,723289,4.07124,0.997753,2.36004,0.0631974,439808;69733.3;187037;47728.3;18221.4;0;,349463;69733.3;104783;41094.3;5475.38;0;,0.931927;0.943192;0.83338;0.869191;0.622369;0;,45947,Run1,0.001
D:\Raw\YQC\pre_qc_3.wiff.dia,P00431,P00431,CCPR_YEAST,CCP1,773.006,769.925,773.006,769.925,773.006,769.925,DAPSPFIFK,DAPSPFIFK2,2,0.000326122,0.00138122,0.000163061,0.00069061,1,270.116,269.039,18.4935,61.6472,18.1074,63.375,8.80514e-05,0.484321,401242,3.70974,0.997642,0,-1.00E+07,552391;186989;153464;57879.5;13984.8;,552391;186989;153464;35065.3;0;,0.988457;0.931771;0.920394;0.72475;0.000810095;,42807,Run1,0.001
D:\Raw\YQC\pre_qc_1.wiff.dia,P04050,P04050,RPB1_YEAST,RPO21,785.62,782.421,785.62,782.421,785.62,782.421,DAVTLFC(UniMod:4)C(UniMod:4)LLR,DAVTLFC(UniMod:4)C(UniMod:4)LLR2,2,0.000447678,0.00175747,0.000223839,0.000878735,1,64.8361,64.5721,24.7935,107.914,24.5304,110.289,8.25968e-05,0.978646,9982330,5.6367,0.997854,0,-1.00E+07,644630;469043;240942;194765;150519;153491;,644630;469043;240942;182683;150519;153491;,0.974426;0.96759;0.938312;0.956746;0.982533;0.982288;,15903,Run6,0.001
D:\Raw\YQC\pre_qc_1.wiff.dia,P04050,P04050,RPB1_YEAST,RPO21,785.62,782.421,785.62,782.421,785.62,782.421,DLQENLLVLR,DLQENLLVLR2,2,0.000394477,0.00175747,0.000197239,0.000878735,1,93.5276,93.1468,20.0062,71.9701,19.9601,72.1656,0.000128601,0.995615,589776,5.12711,0.997623,0,-1.00E+07,37735.3;63810.7;56083.2;22300.4;55376.2;41669.2;,37735.3;51023.5;44296.1;0;54415.5;37357.6;,0.943131;0.873495;0.802661;0.571101;0.926124;0.900222;,13682,Run3,0.001
D:\Raw\YQC\pre_qc_2.wiff.dia,P04050,P04050,RPB1_YEAST,RPO21,755.799,762.06,755.799,762.06,755.799,762.06,DLQENLLVLR,DLQENLLVLR2,2,0.000883295,0.0042796,0.000441648,0.0021398,1,87.6116,88.3374,20.0062,71.9701,19.9657,72.1322,0.000128601,0.840509,719969,4.09119,0.997835,1.58682,0.0507404,61490.7;46085.3;41129.8;0;37610.2;35346.8;,0;46085.3;40350.1;0;0;35346.8;,0.476648;0.944553;0.927206;0;0.467801;0.93895;,13682,Run5,0.001
D:\Raw\YQC\pre_qc_3.wiff.dia,P04050,P04050,RPB1_YEAST,RPO21,763.664,760.621,763.664,760.621,763.664,760.621,DLQENLLVLR,DLQENLLVLR2,2,0.000326122,0.00138122,0.000163061,0.00069061,1,86.0618,85.7189,20.0062,71.9701,19.9643,72.1335,0.000128601,0.976264,510529,4.98932,0.997841,0,-1.00E+07,46504.6;58680.9;47568;17945.9;45796.6;53617.5;,45530.5;58680.9;46970.8;6933.11;16876.6;45381.4;,0.822715;0.97784;0.819778;0.6862;0.605167;0.819789;,13757,Run6,0.001