transition_group_id,peptide_group_label,run_id,filename,RT,id,Sequence,FullPeptideName,Charge,m.z,Intensity,ProteinName,decoy,assay_rt,delta_rt,leftWidth,main_var_xx_swath_prelim_score,norm_RT,nr_peaks,peak_apices_sum,potentialOutlier,rightWidth,rt_score,sn_ratio,total_xic,var_bseries_score,dotprod_score,var_intensity_score,var_isotope_correlation_score,var_isotope_overlap_score,var_library_corr,library_dotprod,library_manhattan,var_library_rmsd,library_rootmeansquare,library_sangle,var_log_sn_score,manhatt_score,var_massdev_score,var_massdev_score_weighted,var_norm_rt_score,var_xcorr_coelution,var_xcorr_coelution_weighted,var_xcorr_shape,var_xcorr_shape_weighted,var_yseries_score,elution_model_fit_score,xx_lda_prelim_score,xx_swath_prelim_score,aggr_Peak_Area,aggr_Peak_Apex,aggr_Fragment_Annotation,d_score,m_score,peak_group_rank,align_runid,align_origfilename,align_clusterid
DECOY_14488_VDESLEK_2_run0,DECOY_14488_VDESLEK_2,0_0,/scratch/94460286.tmpdir/lgillet_I150211_013.mzXML.gz,1575.44707056,f_17441764361583514869,ELSEDVK,ELSEDVK,2,410.3083581,22505.5,DECOY_1/sp|P0A6Z3|HTPG_ECOLI,1,1494.2742794,81.1727911614,1561.95996094,2.31181702811,-20.4133013213,6,13867,none,1587.08996582,2.58669867871,12.8225188122,468017,0,0.639522750854,0.0480869284663,0.983751613523,0.0133078582585,0.566183299295,0.813159985201,0.710966860995,0.142151800258,0.208722398241,0.765749303724,2.5512029074,0.916180975139,9.73139384317,1.59544993312,0.0258669867871,3.49120409703,0.958090444283,0.771063039344,0.884240611183,5,,5.53064178922,0,10464.000000;299.500000;11742.000000;0.000000;0.000000;0.000000,NA;NA;NA;NA;NA;NA,DECOY_145576_y6_1_VDESLEK_2;DECOY_145574_y5_1_VDESLEK_2;DECOY_145573_y4_1_VDESLEK_2;DECOY_145571_y3_1_VDESLEK_2;DECOY_145572_b4_1_VDESLEK_2;DECOY_145575_b6_1_VDESLEK_2,2.39885319119,0.00107761399338,1,0_0,/IMSB/sonas/biol_imsb_aebersold_scratch-2/workflows//1508100902/DATASET_CODE_0/PyProphet/lgillet_I150211_013_with_dscore_filtered.csv,1
7910_IAVAVLEETTR_2_run0,7910_IAVAVLEETTR_2,0_0,/scratch/94460286.tmpdir/lgillet_I150211_013.mzXML.gz,3914.60540642,f_5579063925882546158,IAVAVLEETTR,IAVAVLEETTR,2,601.3429776,32077,5/sp|P0DJD0|RGPD1_HUMAN/sp|Q7Z3J3|RGPD4_HUMAN/sp|A6NKT7|RGPD3_HUMAN/sp|P0DJD1|RGPD2_HUMAN/sp|P49792|RBP2_HUMAN,0,3947.72643608,-33.1210296566,3896.75,5.3263321406,40.7582899095,6,16355,75349_y4_1_IAVAVLEETTR_2,3936.23999023,0.941710090525,21.116394814,269765,5,0.850035972728,0.118907197005,0.99545893592,0,0.809197931269,0.980047268803,0.19298669445,0.0524084350151,0.0582205441456,0.305000822401,3.05004974417,0.61000026983,2.21704349756,1.31303577699,0.00941710090525,0,0,0.959881553084,0.955166079477,10,,7.77257117784,0,6305.000000;10605.000000;6335.000000;2853.000000;5596.000000;383.000000,NA;NA;NA;NA;NA;NA,75353_y8_1_IAVAVLEETTR_2;75351_y6_1_IAVAVLEETTR_2;75352_y7_1_IAVAVLEETTR_2;75350_y5_1_IAVAVLEETTR_2;75354_y9_1_IAVAVLEETTR_2;75349_y4_1_IAVAVLEETTR_2,5.82756951435,2.01532296346e-09,1,0_0,/IMSB/sonas/biol_imsb_aebersold_scratch-2/workflows//1508100902/DATASET_CODE_0/PyProphet/lgillet_I150211_013_with_dscore_filtered.csv,1
DECOY_11401_QEYTSLLYIPSQAPWDMWNR_3_run0,DECOY_11401_QEYTSLLYIPSQAPWDMWNR_3,0_0,/scratch/94460286.tmpdir/lgillet_I150211_013.mzXML.gz,7186.35711924,f_862043144717619875,NWMDWPAQSPIYLLSTYEQR,NWMDWPAQSPIYLLSTYEQR,3,833.4984867,20865.5,DECOY_1/sp|P0A6Z3|HTPG_ECOLI,1,7125.45890484,60.8982143998,7161.08984375,2.80946395849,126.318234834,6,4095,none,7214.93994141,0.818234833933,9.34741986075,149554,2,0.671203844409,0.139518167351,0.26634285032,0.239869631827,-0.579255398469,0.845604821875,0.536385754071,0.164433417477,0.179799086866,0.958461515693,2.2351003545,0.859473273737,6.4582883103,7.42118943694,0.00818234833933,0.396030698997,0.122644434213,0.854901158683,0.821003378993,8,,5.73282804429,0,3261.000000;765.000000;1744.000000;2632.000000;5755.500000;6708.000000,NA;NA;NA;NA;NA;NA,DECOY_114726_y7_1_QEYTSLLYIPSQAPWDMWNR_3;DECOY_114730_y11_1_QEYTSLLYIPSQAPWDMWNR_3;DECOY_114719_y4_1_QEYTSLLYIPSQAPWDMWNR_3;DECOY_114727_y8_1_QEYTSLLYIPSQAPWDMWNR_3;DECOY_114721_y5_1_QEYTSLLYIPSQAPWDMWNR_3;DECOY_114724_y6_1_QEYTSLLYIPSQAPWDMWNR_3,1.73111274105,0.00520777360913,1,0_0,/IMSB/sonas/biol_imsb_aebersold_scratch-2/workflows//1508100902/DATASET_CODE_0/PyProphet/lgillet_I150211_013_with_dscore_filtered.csv,1
8538_LGASYPSNGGIIDFFR_2_run0,8538_LGASYPSNGGIIDFFR_2,0_0,/scratch/94460286.tmpdir/lgillet_I150211_013.mzXML.gz,6148.02999405,f_1188514245634006037,LGASYPSNGGIIDFFR,LGASYPSNGGIIDFFR,2,857.4333866,9706.5,1/sp|P77400|YBAT_ECOLI,0,6082.64693717,65.3830568781,6123.68994141,3.52433853645,99.164826066,6,4925,none,6166.77001953,1.16482606605,5.07149855749,356993,8,0.77790058909,0.0271896087598,0.936911576675,0,0.944585141321,0.915187169423,0.423569496335,0.0815344846588,0.0934288798096,0.308948238312,1.6236363474,0.694597196714,3.66195072213,3.29073019301,0.0116482606605,1.73639331645,0.402311451843,0.733713656131,0.724921080743,9,,5.21833772023,0,6302.500000;1403.500000;0.000000;127.500000;1461.000000;412.000000,NA;NA;NA;NA;NA;NA,86080_y11_1_LGASYPSNGGIIDFFR_2;86070_y3_1_LGASYPSNGGIIDFFR_2;86079_y10_1_LGASYPSNGGIIDFFR_2;86077_y8_1_LGASYPSNGGIIDFFR_2;86078_y9_1_LGASYPSNGGIIDFFR_2;86075_y5_1_LGASYPSNGGIIDFFR_2,3.67979647846,1.7684104265e-05,1,0_0,/IMSB/sonas/biol_imsb_aebersold_scratch-2/workflows//1508100902/DATASET_CODE_0/PyProphet/lgillet_I150211_013_with_dscore_filtered.csv,1
7910_IAVAVLEETTR_2_run0,7910_IAVAVLEETTR_2,0_1,/scratch/94460288.tmpdir/lgillet_I150211_010.mzXML.gz,3899.6756144,f_4324184381776943541,IAVAVLEETTR,IAVAVLEETTR,2,601.3429776,39062.5,5/sp|P0DJD0|RGPD1_HUMAN/sp|Q7Z3J3|RGPD4_HUMAN/sp|A6NKT7|RGPD3_HUMAN/sp|P0DJD1|RGPD2_HUMAN/sp|P49792|RBP2_HUMAN,0,3932.4449167,-32.7693023023,3882.38989258,5.28565068563,40.75380236,6,17690,none,3918.2800293,0.946197639955,22.9931500743,290329,5,0.842437948695,0.134545636158,0.996019165313,0,0.462623118523,0.974945533237,0.171425896875,0.0577818749119,0.0783027605061,0.431229794647,3.13519634871,0.611426242918,1.5254324366,1.22795801548,0.00946197639955,0.265836937855,0.0220569988571,0.92730314201,0.934846456057,10,,7.48681419797,0,4498.000000;11953.000000;6708.500000;5858.000000;7406.000000;2639.000000,NA;NA;NA;NA;NA;NA,75353_y8_1_IAVAVLEETTR_2;75351_y6_1_IAVAVLEETTR_2;75352_y7_1_IAVAVLEETTR_2;75350_y5_1_IAVAVLEETTR_2;75354_y9_1_IAVAVLEETTR_2;75349_y4_1_IAVAVLEETTR_2,5.98438540141,1.63412416696e-09,1,0_1,/IMSB/sonas/biol_imsb_aebersold_scratch-2/workflows//1508100902/DATASET_CODE_1/PyProphet/lgillet_I150211_010_with_dscore_filtered.csv,1
9918_LLSFGAGPNPLK_2_run0,9918_LLSFGAGPNPLK_2,0_1,/scratch/94460288.tmpdir/lgillet_I150211_010.mzXML.gz,4624.49549905,f_10880247744232724975,LLSFGAGPNPLK,LLSFGAGPNPLK,2,607.3506057,6837,1/tr|C8ZDQ4|C8ZDQ4_YEAS8,0,4513.80311716,110.692381892,4611.10986328,3.37727867893,59.7709251764,6,3223,none,4647.00976562,2.67092517636,5.85550764341,414116,2,0.864016178447,0.0165098668006,0.608622127419,0,0.87119354891,0.959611861203,0.248466431722,0.0528710167119,0.0650001027916,0.315559457414,1.76738269584,0.569804332909,3.2253370865,3.55695853629,0.0267092517636,2.38310859351,0.424274857124,0.776458896363,0.789830788492,9,,5.46052298591,0,2779.000000;1165.000000;945.000000;785.000000;1163.000000;0.000000,NA;NA;NA;NA;NA;NA,97320_y10_1_LLSFGAGPNPLK_2;97318_y8_1_LLSFGAGPNPLK_2;97316_y6_1_LLSFGAGPNPLK_2;97317_y7_1_LLSFGAGPNPLK_2;97314_y3_1_LLSFGAGPNPLK_2;97319_y9_1_LLSFGAGPNPLK_2,4.17033256745,4.06933691564e-06,1,0_1,/IMSB/sonas/biol_imsb_aebersold_scratch-2/workflows//1508100902/DATASET_CODE_1/PyProphet/lgillet_I150211_010_with_dscore_filtered.csv,1
DECOY_11401_QEYTSLLYIPSQAPWDMWNR_3_run0,DECOY_11401_QEYTSLLYIPSQAPWDMWNR_3,0_1,/scratch/94460288.tmpdir/lgillet_I150211_010.mzXML.gz,7161.54230593,f_8585352957166014055,NWMDWPAQSPIYLLSTYEQR,NWMDWPAQSPIYLLSTYEQR,3,833.4984867,7792,DECOY_1/sp|P0A6Z3|HTPG_ECOLI,1,7095.93953999,65.6027659417,7143.14013672,2.39739011553,126.335504513,6,2734,none,7182.62988281,0.83550451324,7.77465983922,109961,3,0.681369329984,0.0708614872546,0.312435826688,0.217017456889,-0.212131326135,0.880450464954,0.428806976776,0.135632313486,0.16799707725,0.872936896821,2.05086970653,0.810000608351,4.96086833255,6.12133639664,0.0083550451324,0.592850098558,0.259320356517,0.853212950863,0.840396931154,5,,5.78218657137,0,1691.000000;726.000000;411.000000;1030.000000;842.000000;3092.000000,NA;NA;NA;NA;NA;NA,DECOY_114726_y7_1_QEYTSLLYIPSQAPWDMWNR_3;DECOY_114730_y11_1_QEYTSLLYIPSQAPWDMWNR_3;DECOY_114719_y4_1_QEYTSLLYIPSQAPWDMWNR_3;DECOY_114727_y8_1_QEYTSLLYIPSQAPWDMWNR_3;DECOY_114721_y5_1_QEYTSLLYIPSQAPWDMWNR_3;DECOY_114724_y6_1_QEYTSLLYIPSQAPWDMWNR_3,1.93644370623,0.00506389475139,1,0_1,/IMSB/sonas/biol_imsb_aebersold_scratch-2/workflows//1508100902/DATASET_CODE_1/PyProphet/lgillet_I150211_010_with_dscore_filtered.csv,1
8538_LGASYPSNGGIIDFFR_2_run0,8538_LGASYPSNGGIIDFFR_2,0_1,/scratch/94460288.tmpdir/lgillet_I150211_010.mzXML.gz,6123.36805452,f_16159692069946491033,LGASYPSNGGIIDFFR,LGASYPSNGGIIDFFR,2,857.4333866,7746,1/sp|P77400|YBAT_ECOLI,0,6057.79989631,65.5681582112,6105.74023438,2.12804497841,99.0968930157,6,2383,none,6152.41015625,1.09689301571,2.05623483753,375855,10,0.665602004066,0.0206090114539,0.835919624527,0.196746706963,0.263088482569,0.855671470567,0.467399358911,0.126190826115,0.168609253333,0.795396140689,0.720876561661,0.799823511368,6.01406959075,4.15921833999,0.0109689301571,5.13427281843,1.8027804731,0.751480744998,0.742732142945,10,,3.97523927119,0,1851.000000;1524.000000;0.000000;1217.500000;2811.000000;342.500000,NA;NA;NA;NA;NA;NA,86080_y11_1_LGASYPSNGGIIDFFR_2;86070_y3_1_LGASYPSNGGIIDFFR_2;86079_y10_1_LGASYPSNGGIIDFFR_2;86077_y8_1_LGASYPSNGGIIDFFR_2;86078_y9_1_LGASYPSNGGIIDFFR_2;86075_y5_1_LGASYPSNGGIIDFFR_2,1.86551603341,0.00588986337697,1,0_1,/IMSB/sonas/biol_imsb_aebersold_scratch-2/workflows//1508100902/DATASET_CODE_1/PyProphet/lgillet_I150211_010_with_dscore_filtered.csv,1
DECOY_14488_VDESLEK_2_run0,DECOY_14488_VDESLEK_2,0_2,/scratch/94460287.tmpdir/lgillet_I150211_011.mzXML.gz,1558.35998535,f_6042413908085913537,ELSEDVK,ELSEDVK,2,410.3083581,21518.5,DECOY_1/sp|P0A6Z3|HTPG_ECOLI,1,1482.97907016,75.3809151914,1544,2.96490610456,-20.5992879135,6,11883,none,1572.7199707,2.40071208646,22.4777245562,456811,2,0.586133964994,0.0471059147,0.998605071169,0,0.654484738415,0.779154555761,0.862800933727,0.125514279392,0.188712250298,0.682965319526,3.11252479909,0.971421233081,5.85523729606,3.68219716921,0.0240071208646,3.6259196742,1.2738099875,0.686372152439,0.766498396879,5,,5.53676793372,0,11365.500000;0.000000;10153.000000;0.000000;0.000000;0.000000,NA;NA;NA;NA;NA;NA,DECOY_145576_y6_1_VDESLEK_2;DECOY_145574_y5_1_VDESLEK_2;DECOY_145573_y4_1_VDESLEK_2;DECOY_145571_y3_1_VDESLEK_2;DECOY_145572_b4_1_VDESLEK_2;DECOY_145575_b6_1_VDESLEK_2,2.37514188063,0.00118140619581,1,0_2,/IMSB/sonas/biol_imsb_aebersold_scratch-2/workflows//1508100902/DATASET_CODE_2/PyProphet/lgillet_I150211_011_with_dscore_filtered.csv,1
7910_IAVAVLEETTR_2_run0,7910_IAVAVLEETTR_2,0_2,/scratch/94460287.tmpdir/lgillet_I150211_011.mzXML.gz,3912.48672727,f_1418649884905935131,IAVAVLEETTR,IAVAVLEETTR,2,601.3429776,37354,5/sp|P0DJD0|RGPD1_HUMAN/sp|Q7Z3J3|RGPD4_HUMAN/sp|A6NKT7|RGPD3_HUMAN/sp|P0DJD1|RGPD2_HUMAN/sp|P49792|RBP2_HUMAN,0,3948.017078,-35.5303507294,3896.75,5.12614762263,40.7034767855,6,12708,none,3932.63989258,0.996523214481,15.8483878948,263376,5,0.83369915517,0.141827653241,0.972615611308,0,0.913134403307,0.996145114948,0.0817426171659,0.0279890333207,0.0315339254719,0.172492226494,2.76306778504,0.633995529562,2.57174406467,1.82036134192,0.00996523214481,0.265836937855,0.0421043087958,0.944935641037,0.945809764684,10,,7.55763336822,0,8438.000000;10381.500000;5617.000000;5535.000000;4876.000000;2506.500000,NA;NA;NA;NA;NA;NA,75353_y8_1_IAVAVLEETTR_2;75351_y6_1_IAVAVLEETTR_2;75352_y7_1_IAVAVLEETTR_2;75350_y5_1_IAVAVLEETTR_2;75354_y9_1_IAVAVLEETTR_2;75349_y4_1_IAVAVLEETTR_2,5.88370473867,1.55178253341e-09,1,0_2,/IMSB/sonas/biol_imsb_aebersold_scratch-2/workflows//1508100902/DATASET_CODE_2/PyProphet/lgillet_I150211_011_with_dscore_filtered.csv,1
DECOY_11401_QEYTSLLYIPSQAPWDMWNR_3_run0,DECOY_11401_QEYTSLLYIPSQAPWDMWNR_3,0_2,/scratch/94460287.tmpdir/lgillet_I150211_011.mzXML.gz,7183.13962108,f_3748351257971130105,NWMDWPAQSPIYLLSTYEQR,NWMDWPAQSPIYLLSTYEQR,3,833.4984867,23010,DECOY_1/sp|P0A6Z3|HTPG_ECOLI,1,7140.75564147,42.3839796124,7161.08984375,2.76473241254,125.873090295,6,4205,none,7218.52978516,0.373090295224,9.04627639064,149600,1,0.682113173519,0.153810160428,0.246281345198,0.143893960863,-0.456145940449,0.738358264166,0.691460943845,0.180368881612,0.206376861324,1.04318525013,2.2023532245,0.822271242491,6.24185266183,6.05679510783,0.00373090295224,0.592850098558,0.30013684452,0.814396668313,0.772129426535,8,,5.48520181842,0,4431.000000;0.000000;832.000000;2479.000000;5749.000000;9519.000000,NA;NA;NA;NA;NA;NA,DECOY_114726_y7_1_QEYTSLLYIPSQAPWDMWNR_3;DECOY_114730_y11_1_QEYTSLLYIPSQAPWDMWNR_3;DECOY_114719_y4_1_QEYTSLLYIPSQAPWDMWNR_3;DECOY_114727_y8_1_QEYTSLLYIPSQAPWDMWNR_3;DECOY_114721_y5_1_QEYTSLLYIPSQAPWDMWNR_3;DECOY_114724_y6_1_QEYTSLLYIPSQAPWDMWNR_3,1.47749898861,0.00878922407724,1,0_2,/IMSB/sonas/biol_imsb_aebersold_scratch-2/workflows//1508100902/DATASET_CODE_2/PyProphet/lgillet_I150211_011_with_dscore_filtered.csv,1
8538_LGASYPSNGGIIDFFR_2_run0,8538_LGASYPSNGGIIDFFR_2,0_2,/scratch/94460287.tmpdir/lgillet_I150211_011.mzXML.gz,6149.06765053,f_13271974434430221689,LGASYPSNGGIIDFFR,LGASYPSNGGIIDFFR,2,857.4333866,13773,1/sp|P77400|YBAT_ECOLI,0,6093.01923938,56.0484111582,6127.27978516,3.73255242926,98.9452832389,6,4386,none,6166.77001953,0.945283238904,4.1971421771,372415,10,0.767403842028,0.0369829357034,0.918842339002,0.0730414614081,0.908868213855,0.903450114739,0.476374730231,0.091160719892,0.115851356465,0.383766829706,1.43440385966,0.706240320601,2.75273249902,1.82136527418,0.00945283238904,2.55499250108,0.848153198147,0.759263431996,0.781499538531,11,,5.12335172535,0,9484.000000;635.000000;0.000000;1006.000000;1661.000000;987.000000,NA;NA;NA;NA;NA;NA,86080_y11_1_LGASYPSNGGIIDFFR_2;86070_y3_1_LGASYPSNGGIIDFFR_2;86079_y10_1_LGASYPSNGGIIDFFR_2;86077_y8_1_LGASYPSNGGIIDFFR_2;86078_y9_1_LGASYPSNGGIIDFFR_2;86075_y5_1_LGASYPSNGGIIDFFR_2,3.56415805787,2.82209601457e-05,1,0_2,/IMSB/sonas/biol_imsb_aebersold_scratch-2/workflows//1508100902/DATASET_CODE_2/PyProphet/lgillet_I150211_011_with_dscore_filtered.csv,1
DECOY_14488_VDESLEK_2_run0,DECOY_14488_VDESLEK_2,0_3,/scratch/94460289.tmpdir/lgillet_I150211_012.mzXML.gz,1559.11110683,f_3508455083210797598,ELSEDVK,ELSEDVK,2,410.3083581,21918,DECOY_1/sp|P0A6Z3|HTPG_ECOLI,1,1483.37515429,75.7359525428,1544,2.14607452188,-20.5772173773,6,15266,none,1576.31005859,2.42278262267,18.7455813738,438214,0,0.519897296036,0.0500166585276,0.96038609266,0.0272835120559,0.675974395195,0.787509583717,0.776352317713,0.12224127317,0.178749849421,0.655382445882,2.93095806458,1.03097318408,10.7013705951,4.02730998267,0.0242278262267,4.41800952623,1.34905738234,0.726366560581,0.781842652164,4,,5.57379353407,0,11641.500000;0.000000;9678.500000;0.000000;598.000000;0.000000,NA;NA;NA;NA;NA;NA,DECOY_145576_y6_1_VDESLEK_2;DECOY_145574_y5_1_VDESLEK_2;DECOY_145573_y4_1_VDESLEK_2;DECOY_145571_y3_1_VDESLEK_2;DECOY_145572_b4_1_VDESLEK_2;DECOY_145575_b6_1_VDESLEK_2,1.88884514434,0.00541331865764,1,0_3,/IMSB/sonas/biol_imsb_aebersold_scratch-2/workflows//1508100902/DATASET_CODE_3/PyProphet/lgillet_I150211_012_with_dscore_filtered.csv,1
7910_IAVAVLEETTR_2_run0,7910_IAVAVLEETTR_2,0_3,/scratch/94460289.tmpdir/lgillet_I150211_012.mzXML.gz,3924.41894251,f_4891261280583367641,IAVAVLEETTR,IAVAVLEETTR,2,601.3429776,40261.5,5/sp|P0DJD0|RGPD1_HUMAN/sp|Q7Z3J3|RGPD4_HUMAN/sp|A6NKT7|RGPD3_HUMAN/sp|P0DJD1|RGPD2_HUMAN/sp|P49792|RBP2_HUMAN,0,3947.8169262,-23.3979836994,3907.51000977,5.42318825752,41.0173187574,6,17471,75349_y4_1_IAVAVLEETTR_2,3943.40991211,0.682681242611,21.6027051052,283122,5,0.824359520659,0.142205480323,0.9876403385,0,0.797361702865,0.99121123464,0.119828112227,0.0406354429906,0.0465653575171,0.256345372864,3.0728185432,0.646693845119,1.59785906835,1.47109526495,0.00682681242611,0,0,0.95271834586,0.959896341521,10,,7.79756656281,0,7944.000000;11139.000000;5677.500000;5971.000000;6800.000000;2730.000000,NA;NA;NA;NA;NA;NA,75353_y8_1_IAVAVLEETTR_2;75351_y6_1_IAVAVLEETTR_2;75352_y7_1_IAVAVLEETTR_2;75350_y5_1_IAVAVLEETTR_2;75354_y9_1_IAVAVLEETTR_2;75349_y4_1_IAVAVLEETTR_2,6.02565695229,1.69739678514e-09,1,0_3,/IMSB/sonas/biol_imsb_aebersold_scratch-2/workflows//1508100902/DATASET_CODE_3/PyProphet/lgillet_I150211_012_with_dscore_filtered.csv,1
9918_LLSFGAGPNPLK_2_run0,9918_LLSFGAGPNPLK_2,0_3,/scratch/94460289.tmpdir/lgillet_I150211_012.mzXML.gz,4653.27505244,f_7424941940655622304,LLSFGAGPNPLK,LLSFGAGPNPLK,2,607.3506057,7370,1/tr|C8ZDQ4|C8ZDQ4_YEAS8,0,4534.40739433,118.867658117,4639.83007812,3.04874533069,59.9973235261,6,3465,97317_y7_1_LLSFGAGPNPLK_2,4675.72998047,2.89732352614,5.38439039385,383517,6,0.859649337377,0.0192168795647,0.516770892661,0,0.931222255928,0.985420299958,0.13894809185,0.0426002503188,0.0579083316633,0.271211642538,1.68350409972,0.589549177547,3.73814783878,3.98631701698,0.0289732352614,3.19089023002,0.881007828807,0.703339125103,0.714346488792,9,,4.94040111981,0,3008.500000;1810.500000;933.500000;706.000000;376.500000;535.000000,NA;NA;NA;NA;NA;NA,97320_y10_1_LLSFGAGPNPLK_2;97318_y8_1_LLSFGAGPNPLK_2;97316_y6_1_LLSFGAGPNPLK_2;97317_y7_1_LLSFGAGPNPLK_2;97314_y3_1_LLSFGAGPNPLK_2;97319_y9_1_LLSFGAGPNPLK_2,3.39802281774,7.21024986929e-05,1,0_3,/IMSB/sonas/biol_imsb_aebersold_scratch-2/workflows//1508100902/DATASET_CODE_3/PyProphet/lgillet_I150211_012_with_dscore_filtered.csv,1
DECOY_11401_QEYTSLLYIPSQAPWDMWNR_3_run0,DECOY_11401_QEYTSLLYIPSQAPWDMWNR_3,0_3,/scratch/94460289.tmpdir/lgillet_I150211_012.mzXML.gz,7197.03680314,f_14845895430261104497,NWMDWPAQSPIYLLSTYEQR,NWMDWPAQSPIYLLSTYEQR,3,833.4984867,7657.5,DECOY_1/sp|P0A6Z3|HTPG_ECOLI,1,7139.78323975,57.2535633869,7175.45019531,2.31952337729,126.238944472,6,1952,none,7218.52978516,0.738944472152,6.18661633883,105404,2,0.710150646689,0.072649045577,0.174490568806,0.340124055743,-0.414656055823,0.891613587552,0.438313503365,0.139766403852,0.156907960837,0.845376998768,1.82238830377,0.771284498016,6.66996518631,6.94965153149,0.00738944472152,0.396030698997,0.0564026420162,0.831683338218,0.78751953077,7,,5.4351578157,0,1258.000000;754.000000;760.000000;586.500000;2219.500000;2079.500000,NA;NA;NA;NA;NA;NA,DECOY_114726_y7_1_QEYTSLLYIPSQAPWDMWNR_3;DECOY_114730_y11_1_QEYTSLLYIPSQAPWDMWNR_3;DECOY_114719_y4_1_QEYTSLLYIPSQAPWDMWNR_3;DECOY_114727_y8_1_QEYTSLLYIPSQAPWDMWNR_3;DECOY_114721_y5_1_QEYTSLLYIPSQAPWDMWNR_3;DECOY_114724_y6_1_QEYTSLLYIPSQAPWDMWNR_3,1.71432230092,0.00787259169779,2,0_3,/IMSB/sonas/biol_imsb_aebersold_scratch-2/workflows//1508100902/DATASET_CODE_3/PyProphet/lgillet_I150211_012_with_dscore_filtered.csv,1
DECOY_14488_VDESLEK_2_run0,DECOY_14488_VDESLEK_2,0_4,/scratch/94460285.tmpdir/lgillet_I150211_008.mzXML.gz,1537.70248523,f_4485963367860750813,ELSEDVK,ELSEDVK,2,410.3083581,14026,DECOY_1/sp|P0A6Z3|HTPG_ECOLI,1,1460.69858659,77.0038986429,1526.06005859,2.68494737266,-20.4831039544,6,9373,DECOY_145571_y3_1_VDESLEK_2,1558.36999512,2.51689604563,11.4350590918,396127,0,0.671908604729,0.0354078363757,0.968013609679,0,0.814321788974,0.825583042759,0.654322108521,0.0924531080539,0.13796045033,0.49563524888,2.43668399509,0.886728177016,5.37824181663,2.14502154827,0.0251689604563,4.2803508502,0.68876020679,0.77232963535,0.837399616749,5,,5.61915006499,0,8804.000000;0.000000;4395.000000;203.000000;0.000000;624.000000,NA;NA;NA;NA;NA;NA,DECOY_145576_y6_1_VDESLEK_2;DECOY_145574_y5_1_VDESLEK_2;DECOY_145573_y4_1_VDESLEK_2;DECOY_145571_y3_1_VDESLEK_2;DECOY_145572_b4_1_VDESLEK_2;DECOY_145575_b6_1_VDESLEK_2,3.75058725101,2.08166725191e-05,1,0_4,/IMSB/sonas/biol_imsb_aebersold_scratch-2/workflows//1508100902/DATASET_CODE_4/PyProphet/lgillet_I150211_008_with_dscore_filtered.csv,1
DECOY_13777_TLDLGC(UniMod:4)GNGR_2_run0,DECOY_13777_TLDLGC(UniMod:4)GNGR_2,0_4,/scratch/94460285.tmpdir/lgillet_I150211_008.mzXML.gz,2247.19439829,f_13968653634237842011,GNGCGLDLTR,GNGC(UniMod:4)GLDLTR,2,531.8534725,6871,DECOY_1/sp|P25397|TEHB_ECOLI,1,2263.01374944,-15.8193511554,2230.5300293,2.67247251609,-1.81348096662,6,2311,none,2266.41992188,0.113480966616,4.69487830058,272902,0,0.633554615251,0.0251775362584,0.838141549937,0.205210301094,0.742303385146,0.908141292792,0.423671137691,0.105015546429,0.147446421819,0.564411120985,1.54647219126,0.881997372719,8.78659227983,8.12047147332,0.00113480966616,1.76740184698,0.651847079596,0.748696694841,0.783475682422,8,,5.17867807257,0,4428.500000;273.000000;1011.500000;82.500000;759.500000;316.000000,NA;NA;NA;NA;NA;NA,DECOY_138413_y8_1_TLDLGC(UniMod:4)GNGR_2;DECOY_138410_y6_1_TLDLGC(UniMod:4)GNGR_2;DECOY_138411_y7_1_TLDLGC(UniMod:4)GNGR_2;DECOY_138408_y4_1_TLDLGC(UniMod:4)GNGR_2;DECOY_138409_y5_1_TLDLGC(UniMod:4)GNGR_2;DECOY_138412_b8_1_TLDLGC(UniMod:4)GNGR_2,2.25939467559,0.00236148648164,1,0_4,/IMSB/sonas/biol_imsb_aebersold_scratch-2/workflows//1508100902/DATASET_CODE_4/PyProphet/lgillet_I150211_008_with_dscore_filtered.csv,1
7910_IAVAVLEETTR_2_run0,7910_IAVAVLEETTR_2,0_4,/scratch/94460285.tmpdir/lgillet_I150211_008.mzXML.gz,3854.26493432,f_5409771603734496394,IAVAVLEETTR,IAVAVLEETTR,2,601.3429776,36372,5/sp|P0DJD0|RGPD1_HUMAN/sp|Q7Z3J3|RGPD4_HUMAN/sp|A6NKT7|RGPD3_HUMAN/sp|P0DJD1|RGPD2_HUMAN/sp|P49792|RBP2_HUMAN,0,3897.77797798,-43.5130436608,3842.89990234,3.77620733737,40.4750926878,6,4471,none,3878.80004883,1.22490731223,6.78523031728,323831,5,0.83940652192,0.112317844802,0.801206385008,0,0.187582475253,0.956582656163,0.229169227793,0.0740272664292,0.0976200714149,0.5387090512,1.91474823778,0.603625735672,5.59713132308,5.41712568446,0.0122490731223,0,0,0.917284588925,0.908796393059,9,,6.40030623984,0,2972.500000;10327.500000;5689.500000;7265.500000;7756.500000;2360.500000,NA;NA;NA;NA;NA;NA,75353_y8_1_IAVAVLEETTR_2;75351_y6_1_IAVAVLEETTR_2;75352_y7_1_IAVAVLEETTR_2;75350_y5_1_IAVAVLEETTR_2;75354_y9_1_IAVAVLEETTR_2;75349_y4_1_IAVAVLEETTR_2,4.39572867835,1.49110252867e-06,1,0_4,/IMSB/sonas/biol_imsb_aebersold_scratch-2/workflows//1508100902/DATASET_CODE_4/PyProphet/lgillet_I150211_008_with_dscore_filtered.csv,1
9918_LLSFGAGPNPLK_2_run0,9918_LLSFGAGPNPLK_2,0_4,/scratch/94460285.tmpdir/lgillet_I150211_008.mzXML.gz,4580.94446793,f_15465268939380850669,LLSFGAGPNPLK,LLSFGAGPNPLK,2,607.3506057,6395.5,1/tr|C8ZDQ4|C8ZDQ4_YEAS8,0,4477.85560746,103.088860465,4568.04003906,3.5609180491,59.5969920015,6,4590,none,4603.93994141,2.49699200151,6.36772529591,453440,5,0.872051740656,0.0141044019054,0.910490586581,0,-0.25050344458,0.859749212446,0.408376470869,0.124309091189,0.167239612704,0.865389973973,1.85124230941,0.549177435998,2.64994749744,1.88757839141,0.0249699200151,0.748624335601,0.166636083668,0.813995407813,0.824314376883,9,,5.30081443645,0,181.000000;2120.500000;790.500000;642.000000;402.000000;2259.500000,NA;NA;NA;NA;NA;NA,97320_y10_1_LLSFGAGPNPLK_2;97318_y8_1_LLSFGAGPNPLK_2;97316_y6_1_LLSFGAGPNPLK_2;97317_y7_1_LLSFGAGPNPLK_2;97314_y3_1_LLSFGAGPNPLK_2;97319_y9_1_LLSFGAGPNPLK_2,4.14397922492,4.31116901495e-06,1,0_4,/IMSB/sonas/biol_imsb_aebersold_scratch-2/workflows//1508100902/DATASET_CODE_4/PyProphet/lgillet_I150211_008_with_dscore_filtered.csv,1
DECOY_14488_VDESLEK_2_run0,DECOY_14488_VDESLEK_2,0_5,/scratch/94460284.tmpdir/lgillet_I150211_009.mzXML.gz,1532.45038041,f_18247890070636960875,ELSEDVK,ELSEDVK,2,410.3083581,24401,DECOY_1/sp|P0A6Z3|HTPG_ECOLI,1,1465.44451043,67.0058699718,1518.88000488,3.34430792636,-20.8075732587,6,12842,none,1544,2.19242674135,23.8734438003,424974,1,0.470699836763,0.057417630255,0.963451284554,0.0842588418163,0.561470628184,0.86435425414,0.464379079452,0.13380092459,0.197899503541,0.75291159414,3.1727667031,0.996065162019,4.86271445395,1.62894193184,0.0219242674135,2.74022389453,0.852006654032,0.866436024411,0.943012480077,5,,6.65174321397,0,10446.500000;825.000000;11898.500000;746.500000;301.500000;183.000000,NA;NA;NA;NA;NA;NA,DECOY_145576_y6_1_VDESLEK_2;DECOY_145574_y5_1_VDESLEK_2;DECOY_145573_y4_1_VDESLEK_2;DECOY_145571_y3_1_VDESLEK_2;DECOY_145572_b4_1_VDESLEK_2;DECOY_145575_b6_1_VDESLEK_2,3.14890697782,0.000124092475231,1,0_5,/IMSB/sonas/biol_imsb_aebersold_scratch-2/workflows//1508100902/DATASET_CODE_5/PyProphet/lgillet_I150211_009_with_dscore_filtered.csv,1
DECOY_5792_GTLEDPNLFIR_3_run0,DECOY_5792_GTLEDPNLFIR_3,0_5,/scratch/94460284.tmpdir/lgillet_I150211_009.mzXML.gz,4524.02363585,f_16944529407971724463,IFLNPDELTGR,IFLNPDELTGR,3,425.6628269,386,DECOY_1/sp|P0A6Z3|HTPG_ECOLI,1,4551.44188295,-27.4182470934,4516.45019531,2.28832367264,57.6779300049,6,662,none,4534.39990234,0.922069995105,6.73498795163,66254,0,0.767458657496,0.00582606333203,0.946010147019,0,0.820039288904,0.851044075275,0.693091934635,0.0940317876544,0.114950808683,0.458388049118,1.90731602094,0.740853430235,4.36868339249,4.51799684654,0.00922069995105,3.12669550284,0.782325543946,0.599898673289,0.758680956843,4,,4.46551303775,0,187.000000;148.000000;0.000000;48.000000;0.000000;3.000000,NA;NA;NA;NA;NA;NA,DECOY_57450_y3_1_GTLEDPNLFIR_3;DECOY_57453_y4_1_GTLEDPNLFIR_3;DECOY_57457_y6_1_GTLEDPNLFIR_3;DECOY_57455_y5_1_GTLEDPNLFIR_3;DECOY_57459_y7_1_GTLEDPNLFIR_3;DECOY_57456_b7_1_GTLEDPNLFIR_3,2.86171181282,0.000304619817526,1,0_5,/IMSB/sonas/biol_imsb_aebersold_scratch-2/workflows//1508100902/DATASET_CODE_5/PyProphet/lgillet_I150211_009_with_dscore_filtered.csv,1
7910_IAVAVLEETTR_2_run0,7910_IAVAVLEETTR_2,0_5,/scratch/94460284.tmpdir/lgillet_I150211_009.mzXML.gz,3874.07015276,f_9910574608425396800,IAVAVLEETTR,IAVAVLEETTR,2,601.3429776,38721,5/sp|P0DJD0|RGPD1_HUMAN/sp|Q7Z3J3|RGPD4_HUMAN/sp|A6NKT7|RGPD3_HUMAN/sp|P0DJD1|RGPD2_HUMAN/sp|P49792|RBP2_HUMAN,0,3912.3076232,-38.2374704354,3853.66992188,4.86874233588,40.6260573405,6,14349,none,3896.75,1.07394265955,18.4396309255,277735,6,0.84928153371,0.139417070229,0.979805666254,0,0.27720026724,0.947365889348,0.252431105266,0.0799449414168,0.107199032098,0.573557305232,2.91450220304,0.61796882282,1.93947670743,2.11252100477,0.0107394265955,0,0,0.943375247577,0.921798057919,9,,7.30325480648,0,2308.500000;13903.000000;6225.500000;5632.500000;7770.000000;2881.500000,NA;NA;NA;NA;NA;NA,75353_y8_1_IAVAVLEETTR_2;75351_y6_1_IAVAVLEETTR_2;75352_y7_1_IAVAVLEETTR_2;75350_y5_1_IAVAVLEETTR_2;75354_y9_1_IAVAVLEETTR_2;75349_y4_1_IAVAVLEETTR_2,5.30401662781,2.28376041711e-08,1,0_5,/IMSB/sonas/biol_imsb_aebersold_scratch-2/workflows//1508100902/DATASET_CODE_5/PyProphet/lgillet_I150211_009_with_dscore_filtered.csv,1
9918_LLSFGAGPNPLK_2_run0,9918_LLSFGAGPNPLK_2,0_5,/scratch/94460284.tmpdir/lgillet_I150211_009.mzXML.gz,4600.52880341,f_16698364634261872379,LLSFGAGPNPLK,LLSFGAGPNPLK,2,607.3506057,3090.5,1/tr|C8ZDQ4|C8ZDQ4_YEAS8,0,4494.71399007,105.814813336,4593.16992188,1.58696199748,59.6850834539,6,1177,none,4629.06005859,2.58508345391,1.65908436832,369152,3,0.800797228692,0.0083718901699,0.256839577463,0.293480008841,0.951709155926,0.964524820503,0.247199682683,0.0370289621503,0.0417096526828,0.203338171147,0.506265864843,0.65726469787,3.35168756434,3.7970157399,0.0258508345391,2.89324786091,1.18846649865,0.703592673317,0.703424431035,6,,4.15647466413,0,970.000000;907.000000;274.000000;412.500000;527.000000;0.000000,NA;NA;NA;NA;NA;NA,97320_y10_1_LLSFGAGPNPLK_2;97318_y8_1_LLSFGAGPNPLK_2;97316_y6_1_LLSFGAGPNPLK_2;97317_y7_1_LLSFGAGPNPLK_2;97314_y3_1_LLSFGAGPNPLK_2;97319_y9_1_LLSFGAGPNPLK_2,1.65255921069,0.00643455197764,2,0_5,/IMSB/sonas/biol_imsb_aebersold_scratch-2/workflows//1508100902/DATASET_CODE_5/PyProphet/lgillet_I150211_009_with_dscore_filtered.csv,1
DECOY_11401_QEYTSLLYIPSQAPWDMWNR_3_run0,DECOY_11401_QEYTSLLYIPSQAPWDMWNR_3,0_5,/scratch/94460284.tmpdir/lgillet_I150211_009.mzXML.gz,7131.80433053,f_18220432854058487978,NWMDWPAQSPIYLLSTYEQR,NWMDWPAQSPIYLLSTYEQR,3,833.4984867,24285,DECOY_1/sp|P0A6Z3|HTPG_ECOLI,1,7081.50590526,50.2984252668,7110.83007812,4.09461719238,126.094432877,6,11535,none,7150.31982422,0.594432876765,25.3199865749,180052,2,0.685357988631,0.134877701997,0.381883528421,0.0322009474039,-0.333290313828,0.848822453588,0.505297461182,0.157557205768,0.183799431801,0.94697938958,3.23159406706,0.825259520547,4.33151916635,5.01376513026,0.00594432876765,0.265836937855,0.0327543145649,0.896393830387,0.875505884797,9,,6.83131735612,0,4670.000000;2134.000000;782.000000;1769.000000;5159.000000;9771.000000,NA;NA;NA;NA;NA;NA,DECOY_114726_y7_1_QEYTSLLYIPSQAPWDMWNR_3;DECOY_114730_y11_1_QEYTSLLYIPSQAPWDMWNR_3;DECOY_114719_y4_1_QEYTSLLYIPSQAPWDMWNR_3;DECOY_114727_y8_1_QEYTSLLYIPSQAPWDMWNR_3;DECOY_114721_y5_1_QEYTSLLYIPSQAPWDMWNR_3;DECOY_114724_y6_1_QEYTSLLYIPSQAPWDMWNR_3,3.31972075933,7.06243827704e-05,1,0_5,/IMSB/sonas/biol_imsb_aebersold_scratch-2/workflows//1508100902/DATASET_CODE_5/PyProphet/lgillet_I150211_009_with_dscore_filtered.csv,1
8538_LGASYPSNGGIIDFFR_2_run0,8538_LGASYPSNGGIIDFFR_2,0_5,/scratch/94460284.tmpdir/lgillet_I150211_009.mzXML.gz,6093.40257743,f_3602751872329880928,LGASYPSNGGIIDFFR,LGASYPSNGGIIDFFR,2,857.4333866,13916.5,1/sp|P77400|YBAT_ECOLI,0,6041.49453585,51.9080415833,6073.43994141,3.59730329096,98.8514148316,6,4782,none,6112.91992188,0.851414831621,3.68666053474,431535,8,0.775506703032,0.0322488326555,0.953920375575,0,0.888591166834,0.909134165244,0.502382386321,0.0955104120636,0.0970199644445,0.37102647757,1.30472104415,0.681886257576,2.66454932505,2.08748732796,0.00851414831621,2.88313626661,0.565038178286,0.711118202964,0.777092056291,11,,4.70899740684,0,8406.000000;1169.000000;307.500000;0.000000;2057.500000;1976.500000,NA;NA;NA;NA;NA;NA,86080_y11_1_LGASYPSNGGIIDFFR_2;86070_y3_1_LGASYPSNGGIIDFFR_2;86079_y10_1_LGASYPSNGGIIDFFR_2;86077_y8_1_LGASYPSNGGIIDFFR_2;86078_y9_1_LGASYPSNGGIIDFFR_2;86075_y5_1_LGASYPSNGGIIDFFR_2,3.98616832631,6.15559623631e-06,1,0_5,/IMSB/sonas/biol_imsb_aebersold_scratch-2/workflows//1508100902/DATASET_CODE_5/PyProphet/lgillet_I150211_009_with_dscore_filtered.csv,1
