Peptide.Key,Sequence,ModSeq,Proteins,mz,Charge,MaxProb,Selected_fragments,lgillet_I150211_010_Spec_Centric_Prob,lgillet_I150211_010_Pep_Centric_Prob,lgillet_I150211_010_PSMs,lgillet_I150211_010_RT,lgillet_I150211_010_MS1,lgillet_I150211_010_Top6fra,lgillet_I150211_011_Spec_Centric_Prob,lgillet_I150211_011_Pep_Centric_Prob,lgillet_I150211_011_PSMs,lgillet_I150211_011_RT,lgillet_I150211_011_MS1,lgillet_I150211_011_Top6fra,lgillet_I150211_013_Spec_Centric_Prob,lgillet_I150211_013_Pep_Centric_Prob,lgillet_I150211_013_PSMs,lgillet_I150211_013_RT,lgillet_I150211_013_MS1,lgillet_I150211_013_Top6fra,lgillet_I150211_008_Spec_Centric_Prob,lgillet_I150211_008_Pep_Centric_Prob,lgillet_I150211_008_PSMs,lgillet_I150211_008_RT,lgillet_I150211_008_MS1,lgillet_I150211_008_Top6fra,lgillet_I150211_009_Spec_Centric_Prob,lgillet_I150211_009_Pep_Centric_Prob,lgillet_I150211_009_PSMs,lgillet_I150211_009_RT,lgillet_I150211_009_MS1,lgillet_I150211_009_Top6fra,lgillet_I150211_012_Spec_Centric_Prob,lgillet_I150211_012_Pep_Centric_Prob,lgillet_I150211_012_PSMs,lgillet_I150211_012_RT,lgillet_I150211_012_MS1,lgillet_I150211_012_Top6fra,X
ENVLIGDGAGFK_2,ENVLIGDGAGFK,ENVLIGDGAGFK,sp|P11310|ACADM_HUMAN;,610.3169,2,0.999999,y7_1|y8_1|y9_1|y5_1|b4_1|y3_1,,,,,,,,,,,,,0.999999,-1,1,64.45055,16655.52,8848,0.999999,-1,1,63.532513,17981.668,10425,,,,,,,,,,,,,
FSPNSSNPIIVS[57.021(C)]CGWDK_2,FSPNSSNPIIVSCGWDK,FSPNSSNPIIVS[57.021(C)]CGWDK,sp|P63244|GBLP_HUMAN;,954.4479,2,0.999999,y10_1|y15_2|y6_1|y7_1|y8_1|y4_1,0.999999,-1,1,76.933075,23451,17349,0.999999,-1,1,77.26683,25705.625,19093,0.999999,-1,1,77.07531,24652.504,16408,0.999999,-1,1,76.29807,28258.975,19430,0.999999,-1,1,76.62168,27806.715,18107,0.999999,-1,1,77.256256,22635.96,18376,
FSPNSSNPIIVS[57.021(C)]CGWDK_3,FSPNSSNPIIVSCGWDK,FSPNSSNPIIVS[57.021(C)]CGWDK,sp|P63244|GBLP_HUMAN;,636.63245,3,0.999999,y8_1|b7_1|y7_1|y6_1|y4_1|b9_1,0.999983,-1,1,76.93025,7432.3647,4991,0.999999,-1,1,77.25628,8349.633,6416,0.999999,-1,1,77.076935,7478.2915,7294,0.999999,-1,1,76.32074,8573.161,5935,0.999999,-1,1,76.62032,9489.414,6669,0.999999,-1,1,77.267784,7053.788,6139,
LLVEHQAISFMLAEMAMK_3,LLVEHQAISFMLAEMAMK,LLVEHQAISFMLAEMAMK,sp|P11310|ACADM_HUMAN;,688.0207,3,0.98583,y7_1|y5_1|b9_2|y16_2,,,,,,,0.98583,-1,1,113.296524,2308.2578,727,,,,,,,,,,,,,,,,,,,,,,,,,
AFTGFIVEADTPGIQIGR_3,AFTGFIVEADTPGIQIGR,AFTGFIVEADTPGIQIGR,sp|P11310|ACADM_HUMAN;,631.33093,3,0.999999,y7_1|y7_2|y6_1|y4_1|b5_1|y8_1,0.999999,-1,1,97.21206,4589.3423,3063,0.999999,-1,1,97.498505,3852.5388,3237,0.999999,-1,1,97.47856,4336.9883,2777,0.999999,-1,1,96.42569,4598.6606,3672,0.999999,-1,1,96.73503,4935.354,3638,0.999999,-1,1,97.46309,4367.553,2791,
AFTGFIVEADTPGIQIGR_2,AFTGFIVEADTPGIQIGR,AFTGFIVEADTPGIQIGR,sp|P11310|ACADM_HUMAN;,946.48627,2,0.999999,y7_1|y12_1|y8_1|y13_1|y10_1|b4_1,,,,,,,0.99986,-1,1,97.5275,5544.648,3953,,,,,,,0.997888,-1,1,96.43464,7775.561,3231,0.999999,-1,1,96.705215,6033.9473,3510,,,,,,,
LWNTLGV[57.021(C)]CK_2,LWNTLGVCK,LWNTLGV[57.021(C)]CK,sp|P63244|GBLP_HUMAN;,545.7866,2,0.999999,y7_1|y4_1|y5_1|y6_1|y8_1|y3_1,0.999999,-1,1,62.773655,51934.902,25574,0.999999,-1,1,63.062363,37857.81,23351,0.999999,-1,1,63.08619,41371.586,22057,0.999999,-1,1,62.1572,53303.06,29409,0.999999,-1,1,62.414654,50841.875,25167,0.999999,-1,1,63.21609,47945.883,25771,
LWNTLGV[57.021(C)]CK_1,LWNTLGVCK,LWNTLGV[57.021(C)]CK,sp|P63244|GBLP_HUMAN;,1090.5667,1,0.999999,y4_1|y5_1|y7_1|y6_1|y3_1,0.999987,-1,1,62.77324,5942.424,1626,0.91602,-1,1,63.04983,3962.9656,616,0.999999,-1,1,63.03752,4464.333,1357,0.999776,-1,1,62.151745,8233.174,2060,0.999989,-1,1,62.403076,5961.2344,1449,0.999999,-1,1,63.204308,5440.078,1986,
HLYTLDGGDIINAL[57.021(C)]CFSPNR_2,HLYTLDGGDIINALCFSPNR,HLYTLDGGDIINAL[57.021(C)]CFSPNR,sp|P63244|GBLP_HUMAN;,1138.5548,2,0.999999,b3_1|y18_2|b6_1|b10_1|y10_1|y4_1,0.999999,-1,1,100.815125,7476.86,2946,0.999999,-1,1,101.00476,5681.5757,2801,0.999911,-1,1,101.01993,6284.603,3960,0.999999,-1,1,99.94217,11104.115,3334,0.999967,-1,1,100.156494,12648.5,3175,0.999999,-1,1,101.1382,6236.7856,2451,
HLYTLDGGDIINAL[57.021(C)]CFSPNR_3,HLYTLDGGDIINALCFSPNR,HLYTLDGGDIINAL[57.021(C)]CFSPNR,sp|P63244|GBLP_HUMAN;,759.3727,3,0.999999,b9_1|y6_1|y4_1|y9_1|b10_1|y5_1,,,,,,,0.999999,-1,1,101.05066,28619.725,25102,0.999999,-1,1,101.03131,23037.479,23618,0.999999,-1,1,99.9291,29335.82,27835,0.999999,-1,1,100.13767,0,31306,0.999999,-1,1,101.164734,24438.447,27300,
HLYTLDGGDIINAL[57.021(C)]CFSPNR_4,HLYTLDGGDIINALCFSPNR,HLYTLDGGDIINAL[57.021(C)]CFSPNR,sp|P63244|GBLP_HUMAN;,569.7783,4,0.999999,y6_1|y5_1|y4_1|b4_1|y3_1|b9_1,0.999999,-1,1,100.80463,1467.3285,2962,0.999999,-1,1,101.01829,1882.9209,2704,0.999879,-1,1,101.03129,1361.3098,2228,0.999999,-1,1,99.94406,2002.8634,3704,0.999999,-1,1,100.1957,2620.9226,3636,0.999999,-1,1,101.15026,1258.282,1617,
YYLNAGVPIEIK_2,YYLNAGVPIEIK,YYLNAGVPIEIK,sp|P0AAC0|USPE_ECOLI;,690.3908,2,0.999883,y5_1|y9_1|y7_1|y10_1|b3_1|y8_1,,,,,,,0.995474,-1,1,82.34401,0,4331,-1,0.96299946,0,82.301765,9192.221,3367,,,,,,,0.999883,-1,1,81.59825,9695.108,5831,,,,,,,
VWQVTIGTR_1,VWQVTIGTR,VWQVTIGTR,sp|P63244|GBLP_HUMAN;,1059.5918,1,0.998854,b3_1|b4_1|y7_1,0.609671,-1,1,62.982357,7516.699,639,0.277007,-1,1,63.29151,6374.4595,737,,,,,,,0.998854,-1,1,62.311115,11655.961,975,,,,,,,,,,,,,
VWQVTIGTR_2,VWQVTIGTR,VWQVTIGTR,sp|P63244|GBLP_HUMAN;,530.29645,2,0.999999,y7_1|y6_1|y5_1|b3_1|y4_1|y8_2,0.999999,-1,1,62.96778,55034.438,46912,0.999999,-1,1,63.278755,54145.81,39990,0.999999,-1,1,63.302887,51566.434,43500,0.999999,-1,1,62.32269,68702.32,53654,0.999999,-1,1,62.595848,58423.89,52113,0.999999,-1,1,63.396885,55478.633,43753,
DQPWPEGGK_2,DQPWPEGGK,DQPWPEGGK,sp|P0AAC0|USPE_ECOLI;,507.2335,2,0.99433607,y7_1|y5_1|y7_2|y6_1|b4_1,,,,,,,0.990814,-1,1,40.030666,11383.251,4108,,,,,,,,,,,,,-1,0.99433607,0,39.61007,6997.953,4134,,,,,,,
YWL[57.021(C)]CAATGPSIK_2,YWLCAATGPSIK,YWL[57.021(C)]CAATGPSIK,sp|P63244|GBLP_HUMAN;,683.84204,2,0.999999,b2_1|y10_1|y9_1|y8_1|y5_1|y7_1,0.999999,-1,1,72.01326,67441.08,63956,0.999999,-1,1,72.41281,60198.14,58135,0.999999,-1,1,72.24348,66945.14,54370,0.999999,-1,1,71.33327,69334.945,63046,0.999999,-1,1,71.622215,58259.14,53792,0.999999,-1,1,72.383095,57622.47,59317,
YWL[57.021(C)]CAATGPSIK_3,YWLCAATGPSIK,YWL[57.021(C)]CAATGPSIK,sp|P63244|GBLP_HUMAN;,456.22873,3,0.999999,y6_1|y5_1|y4_1|b5_1|b4_1|y7_1,0.999973,-1,1,72.02423,1732.4861,1898,,,,,,,,,,,,,0.999999,-1,1,71.3203,1770.3522,2860,0.999999,-1,1,71.606544,1933.5707,1694,0.999999,-1,1,72.35846,0,2103,
VAMGAFDK_2,VAMGAFDK,VAMGAFDK,sp|P11310|ACADM_HUMAN;,419.70175,2,0.99969,y5_1|y6_1|y3_1|y7_1|y4_1,,,,,,,0.998698,-1,1,53.32163,2970.6606,3614,0.477393,-1,1,53.333546,3595.287,5064,0.99969,-1,1,41.567585,0,4663,,,,,,,,,,,,,
GIVFEDVKVPK_3,GIVFEDVKVPK,GIVFEDVKVPK,sp|P11310|ACADM_HUMAN;,410.90512,3,0.999999,y9_2|y8_2|y7_1|y6_1|y5_1,0.999999,-1,1,64.23794,3573.3845,5666,0.990923,-1,1,64.50023,4332.8755,4186,0.879476,-1,1,64.53504,3164.7454,5681,0.994044,-1,1,63.47153,4509.051,6975,0.995987,-1,1,63.710846,3049.3618,4850,0.989593,-1,1,64.751686,3583.5872,5617,
GHNGWVTQIATTPQFPDMILSASR_3,GHNGWVTQIATTPQFPDMILSASR,GHNGWVTQIATTPQFPDMILSASR,sp|P63244|GBLP_HUMAN;,876.4316,3,0.999999,y9_1|y12_1|y12_2|y10_1|y7_1|b6_1,0.999999,-1,1,101.22578,25588.102,14916,0.999999,-1,1,101.651764,19156.809,14981,0.999999,-1,1,101.6239,15868.347,11934,0.999999,-1,1,100.44834,27738.986,15073,0.999999,-1,1,100.68672,18767.07,14487,0.999999,-1,1,101.690865,18220.266,13022,
GHNGWVTQIATTPQFPDMILSASR_4,GHNGWVTQIATTPQFPDMILSASR,GHNGWVTQIATTPQFPDMILSASR,sp|P63244|GBLP_HUMAN;,657.5751,4,0.999899,y5_1|y9_1|y4_1|y8_1|y10_1|b7_1,,,,,,,,,,,,,0.999735,-1,1,101.6635,2535.8557,2002,,,,,,,,,,,,,0.999899,-1,1,101.71341,2544.3164,2151,
TGISAAFLGNTAEQVIDHLR_3,TGISAAFLGNTAEQVIDHLR,TGISAAFLGNTAEQVIDHLR,sp|P0AAC0|USPE_ECOLI;,705.0366,3,0.999999,y17_2|y3_1|y15_2|y14_2|y12_2|y5_1,0.999999,-1,1,114.98429,5638.714,2717,0.999999,-1,1,115.32989,14739.093,9799,0.999999,-1,1,115.463844,15330.288,9981,0.999999,-1,1,113.93002,5351.05,2646,0.999999,-1,1,114.29233,15669.843,9549,0.999999,-1,1,115.69152,3630.1284,2006,
LEAVIFTPTDWHLLR_3,LEAVIFTPTDWHLLR,LEAVIFTPTDWHLLR,sp|P0AAC0|USPE_ECOLI;,604.3294,3,0.999999,y8_1|y8_2|y5_1|y11_2|y13_2|y9_1,,,,,,,0.999999,-1,1,104.85016,3374.6423,2328,0.999999,-1,1,104.920425,2971.4053,1987,,,,,,,0.999173,-1,1,103.820045,3904.2788,2419,,,,,,,
VWNLAN[57.021(C)]CK_1,VWNLANCK,VWNLAN[57.021(C)]CK,sp|P63244|GBLP_HUMAN;,1004.48706,1,0.999999,y4_1|b3_1|y3_1|y5_1|y6_1|b4_1,0.362989,-1,1,49.049877,5759.6255,1704,0.998663,-1,1,49.43422,4079.3022,1451,0.999754,-1,1,49.459354,4399.33,1828,0.997724,-1,1,48.452362,5758.941,2331,0.999101,-1,1,48.871372,5674.099,1693,0.999999,-1,1,49.365364,4194.4165,1485,
VWNLAN[57.021(C)]CK_2,VWNLANCK,VWNLAN[57.021(C)]CK,sp|P63244|GBLP_HUMAN;,502.74872,2,0.999999,y6_1|y4_1|y5_1|y3_1|b3_1|y7_1,0.999999,-1,1,49.038998,44778.113,25539,0.999999,-1,1,49.444954,38384.664,22293,0.999999,-1,1,49.458,41361.594,24803,0.999999,-1,1,48.431263,43520.47,27099,0.999992,-1,1,48.857536,42790.65,24984,0.999999,-1,1,49.3493,39117.39,25304,
[42.011(N-term)]TEQMTLR_2,TEQMTLR,[42.011(N-term)]TEQMTLR,sp|P63244|GBLP_HUMAN;,460.72845,2,0.902346,y4_1|y3_1|y5_1|y6_1|y6_2|b3_1,0.570504,-1,1,51.161427,16863.396,14625,0.902346,-1,1,51.292976,16111.23,13095,0.0788578,-1,1,51.286686,0,11026,0.463382,-1,1,50.763042,19101.07,15354,0.594634,-1,1,50.98011,15329.426,12167,0.574566,-1,1,51.267586,12026.934,10508,
GIVFEDVK_2,GIVFEDVK,GIVFEDVK,sp|P11310|ACADM_HUMAN;,453.75073,2,0.931013,y6_1|y5_1,,,,,,,,,,,,,0.350139,-1,1,57.319633,4717.9043,2259,,,,,,,,,,,,,0.931013,-1,1,57.356598,4906.6816,1925,
ALVAVNLASEEPYHNALNEK_3,ALVAVNLASEEPYHNALNEK,ALVAVNLASEEPYHNALNEK,sp|P0AAC0|USPE_ECOLI;,728.036,3,0.999999,b4_1|y17_2|y18_2|y15_2|y7_1|y3_1,,,,,,,,,,,,,,,,,,,0.999981,-1,1,72.44965,7223.1875,2124,0.999999,-1,1,72.73388,12127.97,5946,,,,,,,
TNHIGHTGYLNTVTVSPDGSL[57.021(C)]CASGGK_4,TNHIGHTGYLNTVTVSPDGSLCASGGK,TNHIGHTGYLNTVTVSPDGSL[57.021(C)]CASGGK,sp|P63244|GBLP_HUMAN;,686.57935,4,0.999999,y11_2|y11_1|b12_2|y6_1|b3_1|b11_2,0.999999,-1,1,57.884018,11468.773,9613,0.999999,-1,1,58.33894,12094.34,9610,0.999999,-1,1,58.505814,12735.876,10589,0.999999,-1,1,57.334324,14364.123,12645,0.999999,-1,1,57.633945,13534.674,11249,0.999999,-1,1,58.688793,10851.89,7651,
TNHIGHTGYLNTVTVSPDGSL[57.021(C)]CASGGK_3,TNHIGHTGYLNTVTVSPDGSLCASGGK,TNHIGHTGYLNTVTVSPDGSL[57.021(C)]CASGGK,sp|P63244|GBLP_HUMAN;,915.10724,3,0.999999,y11_1|y12_1|b3_1|b12_2|y14_1|y6_1,0.999999,-1,1,57.91784,5714.95,4205,0.999999,-1,1,58.350105,6748.184,4720,0.999999,-1,1,58.493523,6193.1685,4406,0.999999,-1,1,57.295242,8463.126,6202,0.999999,-1,1,57.63211,7266.919,4625,0.999999,-1,1,58.69861,4682.331,3692,
AEPPQ[57.021(C)]CTSLAWSADGQTLFAGYTDNLVR_3,AEPPQCTSLAWSADGQTLFAGYTDNLVR,AEPPQ[57.021(C)]CTSLAWSADGQTLFAGYTDNLVR,sp|P63244|GBLP_HUMAN;,1023.4828,3,0.999999,y8_1|y9_1|y4_1|y10_1|y6_1|y7_1,0.999999,-1,1,107.06239,5750.0547,7550,0.999301,-1,1,107.33411,5953.5117,4382,0.999999,-1,1,107.37177,5687.871,8395,0.999999,-1,1,106.450714,8155.7705,8960,0.945342,-1,1,106.67835,6531.8203,5690,0.999999,-1,1,107.41463,6579.8594,8175,
DVLSVAFSSDNR_2,DVLSVAFSSDNR,DVLSVAFSSDNR,sp|P63244|GBLP_HUMAN;,655.3217,2,0.999999,y7_1|y6_1|y9_1|y5_1|y8_1|b4_1,0.999999,-1,1,74.92311,53424.664,42842,0.999999,-1,1,75.149956,53689.03,34990,0.999999,-1,1,74.99443,57722.805,38131,0.999999,-1,1,74.35177,63430.17,42450,0.999999,-1,1,74.60288,51016.18,34379,0.999999,-1,1,75.18662,56014.75,41137,
DVLSVAFSSDNR_3,DVLSVAFSSDNR,DVLSVAFSSDNR,sp|P63244|GBLP_HUMAN;,437.21484,3,0.999999,y5_1|y4_1|y6_1|y10_2|y3_1|y7_1,0.999999,-1,1,74.92285,3472.7783,5873,0.999999,-1,1,75.172905,3762.4473,5803,0.999999,-1,1,75.030396,3967.2961,5827,0.999999,-1,2,74.35996,3708.0508,6740,0.999999,-1,2,74.57474,2553.5059,4878,0.999999,-1,1,75.18519,2896.34,5973,
TAWIHEQAK_2,TAWIHEQAK,TAWIHEQAK,sp|P0AAC0|USPE_ECOLI;,542.2748,2,0.999719,y5_1|y7_2|b3_1|y6_1|y7_1|y4_1,,,,,,,0.998639,-1,1,31.007683,6264.476,2079,0.999719,-1,1,31.138958,7294.299,610,,,,,,,0.995334,-1,1,30.3257,6897.095,1476,,,,,,,
ILTVIAPGLLDK_2,ILTVIAPGLLDK,ILTVIAPGLLDK,tr|C8ZI74|C8ZI74_YEAS8;,626.89014,2,0.99978,y8_1|b4_1|y9_1,0.0828066,-1,1,90.07326,3358.1284,0,0.38569,-1,1,90.34752,1154.8751,281,-1,0.93628544,0,90.368256,1871.2244,345,0.99978,-1,1,89.19666,3308.281,822,,,,,,,0.0750135,-1,1,90.35594,3105.064,823,
NTYYASIAK_2,NTYYASIAK,NTYYASIAK,sp|P11310|ACADM_HUMAN;,515.76416,2,0.999617,y7_1|y6_1|y5_1,0.967582,-1,1,41.415745,10854.088,3259,0.998829,-1,1,41.695454,11035.7295,3667,,,,,,,,,,,,,0.999617,-1,1,41.118378,12152.84,2809,0.999136,-1,1,41.654797,9584.855,2641,
EEIIPVAAEYDKTGEYPVPLIR_3,EEIIPVAAEYDKTGEYPVPLIR,EEIIPVAAEYDKTGEYPVPLIR,sp|P11310|ACADM_HUMAN;,834.7695,3,0.999999,y18_2|b3_1|y6_1|y10_1|y4_1|y7_1,0.999999,-1,1,94.1268,4683.833,3872,0.999945,-1,1,94.48487,3726.5576,3517,0.999999,-1,1,94.36992,3950.8481,4079,0.999999,-1,1,93.35324,4470.8584,4538,0.999999,-1,1,93.577835,4982.2686,3638,0.999999,-1,1,94.43545,4001.8872,3138,
IGDFIDVSEGPLIPR_3,IGDFIDVSEGPLIPR,IGDFIDVSEGPLIPR,sp|Q9NYK5|RM39_HUMAN;,543.2976,3,0.999898,y6_1|y8_1|y4_1|b6_1|y7_1,,,,,,,,,,,,,,,,,,,0.999898,-1,1,96.47011,1027.7361,631,,,,,,,,,,,,,
IGDFIDVSEGPLIPR_2,IGDFIDVSEGPLIPR,IGDFIDVSEGPLIPR,sp|Q9NYK5|RM39_HUMAN;,814.43353,2,0.999999,y8_1|b4_1|y11_1|y5_1|b10_2|y3_1,,,,,,,0.999999,-1,1,97.58744,4642.2295,1999,,,,,,,,,,,,,,,,,,,,,,,,,
LWDLTTGTTTR_2,LWDLTTGTTTR,LWDLTTGTTTR,sp|P63244|GBLP_HUMAN;,632.8256,2,0.999999,y9_1|y7_1|b3_1|y6_1|y8_1|y5_1,0.999999,-1,1,67.07497,80844.9,67227,0.999999,-1,1,67.38708,79447.56,66621,0.999999,-1,1,67.36199,73685.54,65739,0.999999,-1,1,66.52445,102088.51,77520,0.999999,-1,1,66.813545,91556.15,84027,0.999999,-1,1,67.42961,70963.14,59653,
YTVQDESHSEWVS[57.021(C)]CVR_2,YTVQDESHSEWVSCVR,YTVQDESHSEWVS[57.021(C)]CVR,sp|P63244|GBLP_HUMAN;,991.43536,2,0.999999,y8_1|y4_1|y10_1|y6_1|y5_1|y12_1,0.999999,-1,1,55.51046,7849.5615,3270,0.999999,-1,1,55.75066,7137.898,3255,0.999999,-1,1,55.835648,7705.056,3075,0.999999,-1,1,54.965046,0,2750,0.999999,-1,1,55.175735,6674.998,2391,0.999999,-1,1,55.93016,8655.636,3076,
YTVQDESHSEWVS[57.021(C)]CVR_3,YTVQDESHSEWVSCVR,YTVQDESHSEWVS[57.021(C)]CVR,sp|P63244|GBLP_HUMAN;,661.2889,3,0.999999,y14_2|y4_1|y13_2|y8_1|y15_2|y5_1,0.999999,-1,1,55.51562,28973.488,13061,0.999999,-1,1,55.74052,25721.598,12629,0.999999,-1,1,55.860863,27085.475,11873,0.999999,-1,1,54.938892,25720.805,11320,0.999999,-1,1,55.21429,21278.12,11807,0.999999,-1,1,55.933094,29944.99,13181,
DETNYGIPQR_2,DETNYGIPQR,DETNYGIPQR,sp|P63244|GBLP_HUMAN;,596.77936,2,0.999999,y3_1|y5_1|y6_1|y7_1|b5_1|y8_1,0.999999,-1,1,44.11124,49370.445,47000,0.999999,-1,1,44.300842,55539.133,49530,0.999999,-1,1,44.300304,54868.895,52478,0.999999,-1,1,43.713913,49559.72,48882,0.999999,-1,1,43.920216,52446.195,47176,0.999999,-1,1,44.206482,53240.13,47548,
AAWEVDSGRR_2,AAWEVDSGRR,AAWEVDSGRR,sp|P11310|ACADM_HUMAN;,573.7908,2,0.97941,y4_1|y6_1,0.97941,-1,1,33.587944,0,344,,,,,,,,,,,,,,,,,,,,,,,,,0.928649,-1,1,33.590668,5627.5596,495,
IWDLEGK_2,IWDLEGK,IWDLEGK,sp|P63244|GBLP_HUMAN;,430.723,2,0.999967,y5_1|y6_1|y4_1|b3_1|b5_1|y6_2,0.999192,-1,1,57.91784,42041.332,25342,0.999904,-1,1,58.185074,40069.1,24789,0.999967,-1,1,58.229637,36635.48,25249,0.999835,-1,1,57.36729,47588.844,27438,0.999401,-1,1,57.629665,38530.496,21666,0.998982,-1,1,58.32354,40423.16,23903,
IWDLEGK_1,IWDLEGK,IWDLEGK,sp|P63244|GBLP_HUMAN;,860.4397,1,0.999778,b3_1|y5_1|y4_1|b5_1|y6_1|b4_1,0.999634,-1,1,57.919865,9723.563,3652,0.882299,-1,1,58.181572,7888.6973,3728,0.995759,-1,1,58.234627,7118.2236,3716,,,,,,,-1,0.99565446,0,57.65914,7980.578,3561,0.999778,-1,1,58.32684,10322.984,4068,
FQGVSLPVHLR_3,FQGVSLPVHLR,FQGVSLPVHLR,sp|Q9NYK5|RM39_HUMAN;,418.24283,3,0.999999,y5_1|y9_2|y3_1|y7_1|y4_1|y6_1,0.99953,-1,1,71.6317,1764.7051,2745,0.999304,-1,1,72.12295,2539.5928,3483,0.999999,-1,1,71.97984,2599.7502,4374,0.998169,-1,1,70.85547,2476.1997,4043,,,,,,,0.999999,-1,1,72.13353,2055.6274,3274,
FQGVSLPVHLR_2,FQGVSLPVHLR,FQGVSLPVHLR,sp|Q9NYK5|RM39_HUMAN;,626.8596,2,0.999809,y9_1|y7_1|y5_1|y9_2|y4_1,,,,,,,,,,,,,,,,,,,0.999809,-1,1,70.84143,3606.8726,1408,0.6019,-1,1,71.13445,0,1447,,,,,,,
MAHQHDR_2,MAHQHDR,MAHQHDR,sp|P0AAC0|USPE_ECOLI;,447.7052,2,0.975746,y4_1|y5_1,,,,,,,0.975746,-1,1,7.311175,0,244,0.695216,-1,1,7.308461,1472.63,448,,,,,,,,,,,,,,,,,,,
EEIIPVAAEYDK_2,EEIIPVAAEYDK,EEIIPVAAEYDK,sp|P11310|ACADM_HUMAN;,688.8488,2,0.999999,y8_1|b3_1|b10_2|y3_1|y9_1|y8_2,,,,,,,,,,,,,,,,,,,0.999999,-1,1,67.13743,9069.713,4783,,,,,,,,,,,,,
FGINENMTHVEK_3,FGINENMTHVEK,FGINENMTHVEK,sp|P0AAC0|USPE_ECOLI;,473.5623,3,0.999999,y11_2|y9_2|b11_2|y4_1|y10_2|y5_1,,,,,,,0.999999,-1,1,49.638233,6091.403,2382,0.999999,-1,1,49.61484,6029.748,2272,,,,,,,0.999973,-1,1,49.052517,8179.9414,2484,,,,,,,
FGINENMTHVEK_2,FGINENMTHVEK,FGINENMTHVEK,sp|P0AAC0|USPE_ECOLI;,709.83344,2,0.999996,y9_1|y9_2|y7_1|b4_1|y8_1,,,,,,,0.999932,-1,1,49.650696,4004.87,1090,0.999996,-1,1,49.614998,3129.84,752,,,,,,,,,,,,,,,,,,,
DKTIIMWK_2,DKTIIMWK,DKTIIMWK,sp|P63244|GBLP_HUMAN;,517.786,2,0.99902,y6_1|y5_1|y3_1|y4_1|b7_1,0.994846,-1,2,56.851944,28295.709,3848,-1,0.9815765,0,57.274208,27841.207,2820,0.99902,-1,2,57.31878,26870.742,2695,0.989829,-1,1,56.313225,26758.291,4178,0.612148,-1,1,56.625015,23555.525,4645,0.998458,-1,2,57.332027,23868.982,3235,
TRPVVAAGAVGLAQR_3,TRPVVAAGAVGLAQR,TRPVVAAGAVGLAQR,sp|P11310|ACADM_HUMAN;,489.28558,3,0.999999,y5_1|b9_1|b8_1|b9_2|y3_1|b6_1,0.999999,-1,1,47.049377,7374.7256,8773,0.999999,-1,1,47.678276,9924.398,9327,0.999999,-1,1,47.688065,9531.057,10789,0.999999,-1,1,46.396286,15314.504,15928,,,,,,,0.999999,-1,1,47.557816,7969.8135,9625,
TRPVVAAGAVGLAQR_2,TRPVVAAGAVGLAQR,TRPVVAAGAVGLAQR,sp|P11310|ACADM_HUMAN;,733.4275,2,0.999935,y13_1|y8_1|y11_1,0.993092,-1,1,47.052334,3596.9595,340,0.0613566,-1,1,47.652733,3933.3376,452,0.99714,-1,1,47.689598,4317.771,372,0.999935,-1,1,46.404346,4277.9824,317,0.0247926,-1,1,46.82477,4363.8755,312,0.989139,-1,1,47.544685,4240.4214,358,
IIVDELKQEVISTSSK_3,IIVDELKQEVISTSSK,IIVDELKQEVISTSSK,sp|P63244|GBLP_HUMAN;,596.99915,3,0.999999,y14_2|y5_1|y6_1|y13_2|y15_2|y9_1,0.999999,-1,1,73.46055,72205.53,60199,0.999999,-1,1,73.81954,59433.312,52199,0.999999,-1,1,73.6647,54470.79,44550,0.999999,-1,1,72.764565,82923.95,69993,0.999999,-1,1,73.06414,73383.38,51596,0.999999,-1,1,73.83144,57725.098,49555,
IIVDELKQEVISTSSK_2,IIVDELKQEVISTSSK,IIVDELKQEVISTSSK,sp|P63244|GBLP_HUMAN;,895.0046,2,0.999999,y5_1|y9_1|y10_1|y6_1|b5_1|y14_2,0.999999,-1,1,73.46301,0,12381,0.999999,-1,1,73.80918,36157.56,9489,0.999999,-1,1,73.66452,27285.912,8648,0.999999,-1,1,72.76747,46291.055,14872,0.999999,-1,1,73.05484,42867.977,12790,0.999999,-1,1,73.84336,35641.67,10599,
DGQAMLWDLNEGK_2,DGQAMLWDLNEGK,DGQAMLWDLNEGK,sp|P63244|GBLP_HUMAN;,738.83875,2,0.999999,y7_1|y8_1|b4_1|y6_1|y9_1|y4_1,0.999999,-1,1,80.60582,26643.64,16451,0.999999,-1,1,80.882095,23521.238,14742,0.999999,-1,1,80.79931,22866.855,14190,0.999999,-1,1,80.0801,25416.562,16285,0.999999,-1,1,80.31782,24347.402,15388,0.999999,-1,1,80.822174,20978.83,15644,
LTRDETNYGIPQR_3,LTRDETNYGIPQR,LTRDETNYGIPQR,sp|P63244|GBLP_HUMAN;,521.59973,3,0.999999,y3_1|y5_1|b7_1|b9_1|y6_1|b10_2,0.999979,-1,1,40.00593,18052.646,15637,0.999999,-1,1,40.376682,18274.225,16900,0.999999,-1,1,40.510696,20885.271,17529,0.999999,-1,1,39.589245,20902.795,15177,0.999999,-1,1,39.83957,20323.434,17609,0.999999,-1,1,40.304703,17633.5,15127,
LTRDETNYGIPQR_2,LTRDETNYGIPQR,LTRDETNYGIPQR,sp|P63244|GBLP_HUMAN;,781.89703,2,0.999986,y3_1|b10_1|b9_1|y10_1|b7_1|y9_1,0.999983,-1,1,40.01559,4993.5312,995,0.992782,-1,1,40.378944,5358.4775,786,0.999916,-1,1,40.510098,5407.022,839,0.999986,-1,1,39.587456,4710.2827,923,0.999981,-1,1,39.84029,5084.5405,1068,0.993574,-1,1,40.30595,4173.4087,1036,
