X,X.1,X.2,X.3,X.4,X.5,X.6,X.7,X.8,X.9,X.10,X.11,X.12,X.13,X.14,X.15,X.16,X.17,Normalized.abundance,X.18,X.19,X.20,X.21,X.22,X.23,X.24,X.25,X.26,X.27,X.28,Raw.abundance,X.29,X.30,X.31,X.32,X.33,X.34,X.35,X.36,X.37,X.38,X.39,Spectral.counts,X.40,X.41,X.42,X.43,X.44,X.45,X.46,X.47,X.48,X.49,X.50
"","","","","","","","","","","","","","","","","","",A,"","","",B,"","","",C,"","","",A,"","","",B,"","","",C,"","","",A,"","","",B,"","","",C,"","",""
#,Retention time (min),Charge,m/z,Measured mass,Mass error (u),Mass error (ppm),Score,Sequence,Modifications,Accession,Description,Use in quantitation,Max fold change,Highest mean condition,Lowest mean condition,Anova,Maximum CV,JD_06232014_sample1-A,JD_06232014_sample2_A,JD_06232014_sample3_A,JD_06232014_sample4-A,JD_06232014_sample1_B,JD_06232014_sample2_B,JD_06232014_sample3_B,JD_06232014_sample4_B,JD_06232014_sample1_C,JD_06232014_sample2_C,JD_06232014_sample3_C,JD_06232014_sample4_C,JD_06232014_sample1-A,JD_06232014_sample2_A,JD_06232014_sample3_A,JD_06232014_sample4-A,JD_06232014_sample1_B,JD_06232014_sample2_B,JD_06232014_sample3_B,JD_06232014_sample4_B,JD_06232014_sample1_C,JD_06232014_sample2_C,JD_06232014_sample3_C,JD_06232014_sample4_C,JD_06232014_sample1-A,JD_06232014_sample2_A,JD_06232014_sample3_A,JD_06232014_sample4-A,JD_06232014_sample1_B,JD_06232014_sample2_B,JD_06232014_sample3_B,JD_06232014_sample4_B,JD_06232014_sample1_C,JD_06232014_sample2_C,JD_06232014_sample3_C,JD_06232014_sample4_C
1530,70.15195,2,545.797103333583,1089.57965373341,-0.00220526659404641,-2.02395678289868,0.7756,VAVDFAVQKN,"",sp|P37838|NOP4_YEAST,Nucleolar protein 4 OS=Saccharomyces cerevisiae (strain ATCC 204508 \ S288c) GN=NOP4 PE=1 SV=1,False,1.1103783026234,A,C,0.24356304736599,12.9427859799729,12419062.2773272,13333628.834284,12237949.4771709,12704490.4721533,13849956.8730567,10090076.1828175,12445067.0787446,11808965.1717522,11322971.5598114,11951907.0943631,11123620.4305445,11257230.0853866,12942224.1383481,11973656.6425633,11077581.8301665,10509215.1463603,15614969.3280435,11319947.7240622,14652323.8708959,11808965.1717522,10674984.9236827,11236481.7559735,12247198.2177125,10568796.9854304,0,0,0,0,0,0,0,0,0,0,1,0
7677,80.1470166666667,2,967.447648956726,1932.88074497969,-0.0178930203085201,-9.25709189129251,1,MEETIENVEVPSSNVSK,[N-term] nTerm+42.0106,sp|P37838|NOP4_YEAST,Nucleolar protein 4 OS=Saccharomyces cerevisiae (strain ATCC 204508 \ S288c) GN=NOP4 PE=1 SV=1,True,1.25942527852546,A,B,0.723240924840002,58.7476776644764,3386138.36883435,17963323.1902496,15270550.5308938,8403339.9284244,2809333.86371561,13903813.7200758,12210020.4181211,6825957.24283057,12881700.9328689,12414469.3327015,9557916.5313512,8759459.06882452,3528781.86406408,16131142.295367,13822640.2562968,6951282.89083162,3167350.0875293,15598538.7646902,14375589.3403035,6825957.24283057,12144511.935174,11671355.6310009,10523345.2578424,8223776.5328054,1,1,1,1,1,1,1,1,1,1,1,1
57970,80.1470166666667,3,645.302612993165,1932.88600957885,-0.0126284211462462,-6.53341096008687,---,MEETIENVEVPSSNVSK,[N-term] nTerm+42.0106,sp|P37838|NOP4_YEAST,Nucleolar protein 4 OS=Saccharomyces cerevisiae (strain ATCC 204508 \ S288c) GN=NOP4 PE=1 SV=1,True,1.48248775160442,C,B,0.540453617503289,70.7529489443903,60945.3316432463,395656.474937403,221475.442883006,172642.54639745,35878.4207182558,361444.46863318,303540.451911506,141811.077511963,564329.910205406,265030.669402341,208204.201049208,211689.723767217,63512.6972310028,355301.234059123,200475.769775448,142810.738256927,40450.6991746724,405500.653904529,357376.379025043,141811.077511963,532034.656415428,249166.284342805,229234.54966229,198743.891474856,0,0,0,0,0,0,0,0,0,0,0,0
20359,65.7499,3,635.637660252955,1903.89115135822,-0.00405664177537801,-2.13070643716753,1,NVPYDATEESLAPHFSK,"",sp|P37838|NOP4_YEAST,Nucleolar protein 4 OS=Saccharomyces cerevisiae (strain ATCC 204508 \ S288c) GN=NOP4 PE=1 SV=1,True,1.30581576647118,B,C,0.0275633894309357,17.341855446503,1131084.93549562,1193985.31279447,940432.905548811,1434310.98849066,1440471.88240682,1337776.61790598,1206507.16709631,1299778.62385856,941293.259618258,993166.511600393,1053403.15844528,1059058.86968646,1178732.69557706,1072204.00007724,851263.725710895,1186468.89443354,1624042.90986989,1500837.16978831,1420493.24869011,1299778.62385856,887425.293096506,933716.878832249,1159805.60153042,994292.388486006,1,1,1,0,1,1,1,1,1,1,1,1
74145,65.7701666666667,2,952.953651378576,1903.89274982339,-0.00245817660788816,-1.29113020378386,0.9999,NVPYDATEESLAPHFSK,"",sp|P37838|NOP4_YEAST,Nucleolar protein 4 OS=Saccharomyces cerevisiae (strain ATCC 204508 \ S288c) GN=NOP4 PE=1 SV=1,True,1.36697079091639,B,A,0.220754953421,40.2456963744343,193052.193505197,128122.859338298,69506.0210864958,115877.386108976,227237.52576119,159811.780149756,139968.051753099,165433.26110081,125001.102376604,163267.360188171,191579.464195132,173209.79692786,201184.654924021,115054.884521435,62915.6573747296,95854.326774169,256196.248657224,179291.113784177,164792.781982467,165433.26110081,117847.587646523,153494.392118022,210930.576703081,162617.194970063,0,0,0,0,0,1,0,1,0,0,1,0
22391,55.3873166666667,2,488.775530806808,975.536508679857,-0.00242332014329349,-2.4840834781707,0.9998,VAVDFAVQK,"",sp|P37838|NOP4_YEAST,Nucleolar protein 4 OS=Saccharomyces cerevisiae (strain ATCC 204508 \ S288c) GN=NOP4 PE=1 SV=1,False,1.29647659770382,A,B,0.148922967657089,19.4866540182756,389076.209006512,410513.94938106,284604.829558995,434145.29231924,375456.931255855,276330.697312407,274946.361641793,244394.191320504,334479.443953527,327052.244380259,341968.934816527,249600.134790243,405466.321966522,368643.3106817,257619.407122213,359127.057615015,423304.456417964,310012.431170428,323710.841605719,244394.191320504,315337.983728464,307475.329938115,376510.629353881,234335.90076111,0,0,0,0,1,0,0,0,1,1,1,0
28988,44.12145,2,667.289082116967,1332.56361130017,-0.00200569982530396,-1.50514151026903,1,DQYTYNECIK,[8] C+57.0215,sp|P37838|NOP4_YEAST,Nucleolar protein 4 OS=Saccharomyces cerevisiae (strain ATCC 204508 \ S288c) GN=NOP4 PE=1 SV=1,False,1.33908381150276,C,A,0.293390114409273,30.057235939368,572814.281124927,545159.71889292,502118.790506353,424130.986197006,626113.725323876,545196.04713031,415685.932489537,851967.173994624,582226.412351002,606752.216049164,595538.076423379,952870.26167286,596944.491493527,489555.796888258,454509.311439338,350843.175800884,705904.480888223,611649.569444291,489411.979290553,851967.173994624,548906.984459504,570432.831530998,655692.354273842,894597.718327484,1,1,1,1,1,1,1,1,1,1,1,0
32045,50.2310833333333,2,387.717198546405,773.419844159051,-0.00194884094946701,-2.51976472230983,0.9939,NALMGLR,"",sp|P37838|NOP4_YEAST,Nucleolar protein 4 OS=Saccharomyces cerevisiae (strain ATCC 204508 \ S288c) GN=NOP4 PE=1 SV=1,False,1.39385707986517,A,C,0.0272267095891261,18.8768075878969,181089.49837163,228534.422657236,190449.876218672,193072.300506782,189186.104306632,161255.350076355,117531.161375689,156987.263966839,167421.548925009,144772.615064806,126824.672540429,130010.879078075,188718.022721041,205224.904781229,172391.959314179,159710.328350115,213295.625619383,180910.639326805,138376.485277479,156987.263966839,157840.413290223,136106.717956961,139635.014804535,122060.096173856,0,0,1,0,0,0,0,0,0,1,0,0
34880,58.5127,2,420.733654059505,839.45275518525,-0.00138381474971538,-1.64846974411712,0.9995,GTAFVAFK,"",sp|P37838|NOP4_YEAST,Nucleolar protein 4 OS=Saccharomyces cerevisiae (strain ATCC 204508 \ S288c) GN=NOP4 PE=1 SV=1,False,1.28301254973563,B,C,0.255885805375885,21.409644451292,153313.416737844,187412.599439626,136455.283830838,213518.916337374,206149.712909965,202119.585293132,128359.321351685,215968.678042169,150737.679980427,155186.934525829,134750.252454878,145911.209497765,159771.853826646,168297.328811976,123516.980979084,176623.866539597,232421.044598071,226755.78440365,151125.127441501,215968.678042169,142111.32234344,145897.65004008,148361.143928471,136988.045849959,1,1,1,1,1,1,1,1,1,1,1,1
40210,38.4320333333333,2,359.710265086884,717.405977240008,-0.00351975999160459,-4.9062076907585,0.9972,VIMEVK,"",sp|P37838|NOP4_YEAST,Nucleolar protein 4 OS=Saccharomyces cerevisiae (strain ATCC 204508 \ S288c) GN=NOP4 PE=1 SV=1,False,1.16616758986123,B,A,0.641416773552991,37.9927009654892,126673.631130976,53792.1664192003,85865.0752384227,67339.1796966705,116672.832796001,93899.8475245415,81722.1172501711,96820.4033449046,109767.225397022,94287.9803169119,56237.9728655428,104946.762194734,132009.848240197,48305.5992309475,77723.5924270967,55703.2907980753,131541.399169961,105345.226935482,96216.3499632684,96820.4033449046,103485.509085497,88644.0266205091,61918.4738770275,98528.7691111711,1,1,0,0,1,1,0,0,0,0,0,0
41001,79.2517166666667,2,761.869632966131,1521.7247129985,0.0079979985027876,5.25590500777774,1,MADLLTNTDMEIR,"",sp|P37838|NOP4_YEAST,Nucleolar protein 4 OS=Saccharomyces cerevisiae (strain ATCC 204508 \ S288c) GN=NOP4 PE=1 SV=1,True,1.15369163291857,B,A,0.561816861665559,30.0831630403564,944030.534358657,511154.678577536,540022.036348662,815006.669848285,910806.928237874,903229.867286931,747529.868533744,680553.621156662,846319.894531376,821331.295453012,732103.431874946,585823.641934765,983798.494304977,459019.122895503,488818.679052789,674177.406636491,1026878.45013232,1013323.85358111,880111.747700567,680553.621156662,797887.027006331,772167.491271793,806051.941634002,549997.74313144,0,0,1,0,0,0,0,0,0,0,0,0
46426,82.1207166666667,3,820.042076075639,2457.10439882628,-0.00742017372340342,-3.01987628972592,1,WLNCHAVTSDEILEGLNDDEK,[4] C+57.0215,sp|P37838|NOP4_YEAST,Nucleolar protein 4 OS=Saccharomyces cerevisiae (strain ATCC 204508 \ S288c) GN=NOP4 PE=1 SV=1,False,1.19574099334237,B,A,0.23110235961431,21.9028032261509,480738.283284691,405728.468549587,298676.883676625,504130.302893334,463559.608781831,565877.545066009,460585.434380398,529911.508906616,383866.817187048,402815.079320694,485994.651984834,436436.915529229,500989.726536277,364345.928096825,270357.188994688,417018.99234121,522634.773464863,634851.919084235,542274.855736628,529911.508906616,361899.035472103,378703.101863361,535084.136749451,409746.724743917,1,1,1,0,1,0,0,1,1,0,0,0
50557,31.04475,2,518.223716941708,1034.43288094966,-0.000993050344277435,-0.959994030780778,0.9997,QNDDGLDMK,"",sp|P37838|NOP4_YEAST,Nucleolar protein 4 OS=Saccharomyces cerevisiae (strain ATCC 204508 \ S288c) GN=NOP4 PE=1 SV=1,False,1.39971489560487,C,A,0.0590973752657568,32.2450845091655,216593.858671558,137084.907118726,162007.364129217,98452.0968439346,181078.266649111,198234.096474869,187205.519365018,204683.103073583,229229.735542523,213708.830066679,204743.516603858,211936.341748083,225718.029535503,123102.842378276,146646.285521834,81440.044337949,204154.540379959,222396.69637416,220408.285692601,204683.103073583,216111.464914512,200916.502377034,225424.307427237,198975.427594572,1,0,0,0,1,0,1,0,1,0,1,0
74305,14.1533166666667,2,508.770624729801,1015.52669652584,-0.00312747415728154,-3.07964776944014,0.9999,KQVDNDLGK,"",sp|P37838|NOP4_YEAST,Nucleolar protein 4 OS=Saccharomyces cerevisiae (strain ATCC 204508 \ S288c) GN=NOP4 PE=1 SV=1,False,2.16401820112828,C,A,0.0120948471382119,38.1609464930049,80179.6026662656,119323.850538473,133965.822875987,107446.395143987,96059.349851163,179130.155458896,101684.227108591,102864.750314682,204591.53129553,365891.977553634,152309.298836089,231356.730007721,83557.225646978,107153.336377759,121263.563648688,88880.1708139363,108300.972728348,200964.190840392,119718.939137057,102864.750314682,192883.246288867,343990.16809439,167693.799414826,217208.166850812,0,0,1,0,0,0,0,0,0,0,0,0
76123,46.7277666666667,2,1098.44386816386,2194.87318339396,-0.00763260604071547,-3.47745808568563,1,ITGQNNEDEDDADGEDSMLK,"",sp|P37838|NOP4_YEAST,Nucleolar protein 4 OS=Saccharomyces cerevisiae (strain ATCC 204508 \ S288c) GN=NOP4 PE=1 SV=1,False,1.83229543050135,B,A,0.256213119549944,105.942789026605,335094.124937256,191811.906230626,29448.8685090458,14719.1852408366,393136.347304788,335444.314621615,156174.361348978,161621.41299718,212527.491954977,163704.964226438,149574.891540062,66282.3116806233,349210.204082732,172247.925430151,26656.6103515393,12175.7802734505,443236.903996833,376331.361334699,183873.442251177,161621.41299718,200365.050861725,153905.801757799,164683.194336065,62228.8334309612,0,0,0,0,0,1,0,0,0,0,0,1
102329,18.4290166666667,2,723.33874057667,1444.66292821958,-0.00523978041996997,-3.62697852422673,0.9995,KEEATTPTNPDDK,"",sp|P37838|NOP4_YEAST,Nucleolar protein 4 OS=Saccharomyces cerevisiae (strain ATCC 204508 \ S288c) GN=NOP4 PE=1 SV=1,False,1.69386677816415,C,A,0.214899246856078,55.3333870869105,40832.1630102111,34681.7592275295,6356.59461677621,45992.4488467217,33898.8814839409,47119.1319175054,44134.5194095835,29053.1600193485,46768.8546813064,52245.2145178954,61844.5853167219,55724.175242946,42552.2470159842,31144.3705169545,5753.88035061677,38045.1731690937,38218.891183442,52862.446273464,51962.2166906628,29053.1600193485,44092.3847581551,49117.8851318322,68091.4006186607,52316.3771954666,0,1,0,1,1,1,1,0,1,0,0,1
2905,35.8260666666667,2,470.739780450375,939.465007966991,0.0199769669908392,21.2646470327003,1,QVDPYYR,"",sp|P33767|OSTB_YEAST,Dolichyl-diphosphooligosaccharide--protein glycosyltransferase subunit WBP1 OS=Saccharomyces cerevisiae (strain ATCC 204508 \ S288c) GN=WBP1 PE=1 SV=1,False,1.19834610069746,C,A,0.229834145681657,26.5322681165838,4886544.20502453,2758479.27496323,4159592.88772796,3058628.58272847,4400973.12324527,4274877.28160822,4017290.46529063,4200406.76269131,4841044.2185904,4621373.11857566,4332065.59203914,4016828.70087084,5092393.36683513,2477126.37756279,3765192.09202008,2530112.15988206,4961824.86074788,4795938.74989686,4729797.00378107,4200406.76269131,4564002.81280884,4344743.84083131,4769640.09416836,3771180.54288183,0,0,1,0,0,0,0,0,0,0,0,0
15084,35.6848,2,470.728041407322,939.441529880885,-0.00350111911507156,-3.72679507532736,0.9978,QVDPYYR,"",sp|P33767|OSTB_YEAST,Dolichyl-diphosphooligosaccharide--protein glycosyltransferase subunit WBP1 OS=Saccharomyces cerevisiae (strain ATCC 204508 \ S288c) GN=WBP1 PE=1 SV=1,False,34.8203394971439,A,C,0.00037662797894622,107.151200950806,99825.591349287,34322.6312420134,91533.1177197,18456.8442156119,22465.5246038246,27882.6920355202,8918.4767990436,107865.17531295,1368.3221979076,1204.95339934028,2387.3253757223,2050.76617773315,104030.815623196,30821.8720251525,82854.2072020912,15267.5896140719,25328.4888063125,31281.2916899183,10500.2576255973,107865.17531295,1290.01638450174,1132.82648380617,2628.46501003943,1925.35208329663,1,0,0,0,0,0,0,0,0,0,0,0
8844,74.2708333333333,2,625.364910241867,1248.71526754997,-0.00375345002612448,-3.00584035559789,1,EQIVPILNAPR,"",sp|P33767|OSTB_YEAST,Dolichyl-diphosphooligosaccharide--protein glycosyltransferase subunit WBP1 OS=Saccharomyces cerevisiae (strain ATCC 204508 \ S288c) GN=WBP1 PE=1 SV=1,True,1.07515581256006,A,C,0.443421262344432,11.1436913057918,2143571.01604285,2497127.06365179,2273674.27093561,2368939.00544502,2539539.49189844,1983528.22550398,2066777.95429075,2248690.78496341,2235077.32877434,2239753.88041072,2014615.40629076,2144940.37069575,2233870.47480559,2242430.95594047,2058090.92760333,1959597.65024776,2863173.62839538,2225298.9387873,2433341.64162261,2248690.78496341,2107169.18804382,2105685.17780527,2218108.24698309,2013767.07696196,1,0,0,1,1,1,1,1,1,1,1,1
9071,94.47075,2,745.913306612407,1489.81206029105,-0.00600670894550603,-4.03184058413358,1,LFLNELGIYPSPK,"",sp|P33767|OSTB_YEAST,Dolichyl-diphosphooligosaccharide--protein glycosyltransferase subunit WBP1 OS=Saccharomyces cerevisiae (strain ATCC 204508 \ S288c) GN=WBP1 PE=1 SV=1,False,1.38879559132935,A,C,0.0289344316750897,17.8859739883518,5684999.81335413,8006430.17498626,6996635.70893837,7701644.79603848,5932842.84992065,6397851.87733119,6493151.7453423,5362906.91338229,4315251.35649807,6329576.08983998,4512481.54388592,5284655.73846783,5924484.48746576,7189809.09393909,6333234.56239233,6370837.32872419,6688913.18425939,7177681.0685545,7644776.97979801,5362906.91338229,4068299.82122515,5950696.04331821,4968279.55132184,4961473.9340062,1,1,1,1,1,1,1,1,1,1,1,1
11423,94.0631166666667,2,632.848867737879,1263.683182542,-0.00314145800189181,-2.48594761392053,1,LVWIGSSDFLK,"",sp|P33767|OSTB_YEAST,Dolichyl-diphosphooligosaccharide--protein glycosyltransferase subunit WBP1 OS=Saccharomyces cerevisiae (strain ATCC 204508 \ S288c) GN=WBP1 PE=1 SV=1,False,1.08262151860361,A,B,0.211574230804132,7.23117583812729,2167761.81657878,2219096.67335682,2291998.05097198,2543771.36061953,2290563.14289253,2109141.27705196,2052675.28313598,2066412.63851519,2135448.85487998,2060145.98436125,2206748.4858153,2335499.47376416,2259080.33007733,1992758.45710579,2074677.29880625,2104219.80877518,2582468.20174538,2366222.86752874,2416737.72105738,2066412.63851519,2013242.21391217,1936828.37267327,2429648.35874878,2192672.58557993,1,1,1,1,1,1,1,1,1,1,1,1
12171,97.59935,2,653.872971299182,1305.7313896646,-0.00188533539630953,-1.44389013622214,1,LFDNIIVFPTK,"",sp|P33767|OSTB_YEAST,Dolichyl-diphosphooligosaccharide--protein glycosyltransferase subunit WBP1 OS=Saccharomyces cerevisiae (strain ATCC 204508 \ S288c) GN=WBP1 PE=1 SV=1,True,1.13572233827312,A,B,0.0690390038542505,10.1994331085467,3053494.07671511,3079970.4801846,3561671.95804294,3732402.50445195,2868738.53944445,2758893.59092156,3092572.78791,3102701.5852725,2854103.01433844,3025041.50187877,2936772.17717793,3149328.03887456,3182124.69375509,2765826.87708673,3223964.32842203,3087461.16328517,3234325.18340506,3095172.98577635,3641071.42179807,3102701.5852725,2690769.51114479,2843966.52170722,3233410.48885472,2956731.66764146,1,0,0,0,1,1,1,1,1,0,1,0
21842,83.7291,3,755.704069968123,2264.09038050373,-0.00571149627012346,-2.52263863283214,1,DYFSPSSEELVVSSNHLLNK,"",sp|P33767|OSTB_YEAST,Dolichyl-diphosphooligosaccharide--protein glycosyltransferase subunit WBP1 OS=Saccharomyces cerevisiae (strain ATCC 204508 \ S288c) GN=WBP1 PE=1 SV=1,True,1.36809463213977,A,C,0.147121608379656,28.4755377279412,3634582.34404117,5961522.27353826,5344070.04795584,3288565.26377813,3323575.21686647,3623222.95361579,4149893.58016905,2497063.05757102,3409241.24401076,3478629.06868797,3110656.75618049,3325653.51123361,3787691.71902302,5353472.91105044,4837360.48860189,2720316.87973977,3747125.39154366,4064854.78250373,4885918.60386522,2497063.05757102,3214138.50496488,3270402.93716361,3424858.85041514,3122273.99968832,1,1,0,1,1,1,1,1,1,1,1,1
22527,20.2118,2,590.763534720816,1179.51251650787,-0.00311349212825007,-2.63963617697043,1,NQDSNQEFAK,"",sp|P33767|OSTB_YEAST,Dolichyl-diphosphooligosaccharide--protein glycosyltransferase subunit WBP1 OS=Saccharomyces cerevisiae (strain ATCC 204508 \ S288c) GN=WBP1 PE=1 SV=1,False,1.51198260107698,C,A,0.0168410172191852,26.5607458912876,784216.7976492,978160.742481655,807775.66339612,908685.145287363,943984.194395093,1453134.22384947,857581.023589253,911725.623142509,1518023.72797238,1250363.45899121,1265914.75970753,1225641.10869553,817252.489889105,878392.597939678,731184.666874123,751668.688567882,1064283.76468901,1630255.62463378,1009681.5729202,911725.623142509,1431150.85331608,1175518.35739394,1393782.63450033,1150687.33218985,1,1,1,1,1,1,1,1,0,0,1,1
26192,25.6857333333333,2,393.199664060906,784.384775188052,-0.00201281194790681,-2.56609618966047,0.9987,YVYNAR,"",sp|P33767|OSTB_YEAST,Dolichyl-diphosphooligosaccharide--protein glycosyltransferase subunit WBP1 OS=Saccharomyces cerevisiae (strain ATCC 204508 \ S288c) GN=WBP1 PE=1 SV=1,False,1.46831812937309,B,A,0.0345300498788835,42.6815242742821,703434.394441095,364761.538919829,295731.528829901,361679.464273307,675823.346680532,675702.394353602,618884.380803461,563329.812461472,697016.598242749,602936.956313755,614493.468998965,616959.08172738,733067.070297287,327557.447242648,267691.10433775,299182.97883727,761949.002897013,758063.23386654,728649.699418572,563329.812461472,657128.001999669,566845.948193237,676562.398484474,579229.102864187,1,0,0,0,1,1,1,1,1,1,1,1
51917,91.5117,2,1227.08117545288,2452.14779797199,-0.00371802800600562,-1.5162309432129,1,FFENEGNILCMSSPGAVPNTIR,[10] C+57.0215,sp|P33767|OSTB_YEAST,Dolichyl-diphosphooligosaccharide--protein glycosyltransferase subunit WBP1 OS=Saccharomyces cerevisiae (strain ATCC 204508 \ S288c) GN=WBP1 PE=1 SV=1,False,1.19057686641855,B,A,0.307720782317816,17.8239050383596,1011779.62274294,981950.322530244,1113023.10941085,967749.111644419,1136909.86341999,1308060.15977111,1453168.94955491,952869.048656925,902189.754117104,1029582.34379534,1284344.17847959,1159326.43547367,1054401.56138509,881795.657293231,1007489.4161285,800526.68340083,1281795.518121,1467498.59567489,1710902.95884175,952869.048656925,850559.587880965,967952.907514242,1414073.57719727,1088428.11627964,1,1,1,1,1,1,1,1,1,1,1,1
56337,91.5321333333333,3,818.389464273545,2452.14656341999,-0.00495258000501053,-2.01968759788925,1,FFENEGNILCMSSPGAVPNTIR,[10] C+57.0215,sp|P33767|OSTB_YEAST,Dolichyl-diphosphooligosaccharide--protein glycosyltransferase subunit WBP1 OS=Saccharomyces cerevisiae (strain ATCC 204508 \ S288c) GN=WBP1 PE=1 SV=1,False,1.22626257584483,C,A,0.314849593333327,20.3250265538124,462064.95650354,456493.526821922,363930.801641557,595826.001450051,452201.904229851,546442.509679423,663087.604058844,551624.964379082,421559.644781162,620499.007442579,682944.808923561,578304.280223218,481529.772538665,409933.171055753,329423.915601457,492870.111773394,509829.664406282,613047.962344434,780692.805267442,551624.964379082,397434.792510147,583356.758187701,751927.890642274,542938.226111128,1,1,1,1,1,1,1,1,1,1,1,1
63533,25.2701666666667,2,557.766023479868,1113.51749402598,-0.00282797402496726,-2.53966988216966,0.9999,HLANDEYPR,"",sp|P33767|OSTB_YEAST,Dolichyl-diphosphooligosaccharide--protein glycosyltransferase subunit WBP1 OS=Saccharomyces cerevisiae (strain ATCC 204508 \ S288c) GN=WBP1 PE=1 SV=1,False,1.75580549724605,C,A,0.00183673247322758,16.6437374680584,76159.573531512,50456.2808461223,63413.0402579629,62409.8293464713,106239.235872133,114073.594095926,117779.218141944,80733.2395511729,114679.927441788,89245.2780723718,107589.463197657,131718.630573676,79367.8499161183,45309.9594882082,57400.3957008996,51625.7086647676,119778.164277561,127977.935792075,138668.537385719,80733.2395511729,108117.068918126,83903.1738574965,118456.890015842,123663.410552408,0,0,0,0,1,1,0,0,1,0,0,0
75810,88.5403333333333,2,935.941051860858,1869.86755078796,-0.00692121204474461,-3.70143137862177,0.9999,SEDFVFGESSAALLENR,"",sp|P33767|OSTB_YEAST,Dolichyl-diphosphooligosaccharide--protein glycosyltransferase subunit WBP1 OS=Saccharomyces cerevisiae (strain ATCC 204508 \ S288c) GN=WBP1 PE=1 SV=1,False,2.20577254747929,A,C,0.0772929659878756,64.1899786046824,153564.145151216,196643.012509862,363888.599593025,196215.137964055,145209.505038444,115014.908593664,286576.34138689,223752.648571683,34708.9853041827,107864.871592192,191695.980057992,78424.9788635376,160033.144353359,176586.279865409,329385.715031428,162310.098492878,163714.73125138,129033.986382103,337403.514273443,223752.648571683,32722.6729203801,101408.223155259,211058.861633053,73628.9188289191,0,1,1,0,0,0,0,0,0,0,0,0
114452,25.3881666666667,2,679.369435753173,1356.72431857259,-0.0045984274129296,-3.38934871609993,0.5045,FVVSFVTTSSVGK,"",sp|P33767|OSTB_YEAST,Dolichyl-diphosphooligosaccharide--protein glycosyltransferase subunit WBP1 OS=Saccharomyces cerevisiae (strain ATCC 204508 \ S288c) GN=WBP1 PE=1 SV=1,False,7.08348290859413,A,B,0.159394596129589,70.3550571466084,11913.1554613018,39594.0586012807,48660.343090928,76475.0144654987,9417.79116950388,9184.5195383836,6334.93752132688,0,31544.7722953566,22106.0967407465,22632.6811821136,17460.2942873253,12415.0056366684,35555.6367039614,44046.5074217927,63260.4969164677,10617.9767632205,10304.0134842766,7458.50188488785,0,29739.540269546,20782.8550508341,24918.7694210156,16392.5143422414,0,1,0,0,0,0,0,0,0,0,0,0
12988,62.3230166666667,2,464.301896503114,926.589240072467,-0.00206192753273626,-2.22528263354696,0.9999,IAQILLTR,"",sp|P32264|PROB_YEAST,Glutamate 5-kinase OS=Saccharomyces cerevisiae (strain ATCC 204508 \ S288c) GN=PRO1 PE=1 SV=2,False,1.24186927777616,A,C,2.2073643851761E-05,4.68483800151206,712751.667501377,707041.010007282,758939.93303651,777583.309746736,747007.440471862,733842.153518639,735287.928288656,733643.530576287,606734.721444112,626209.973312261,567861.994715383,579730.435648073,742776.840134299,634925.899862352,686979.401906844,643220.624570423,842204.663718495,823289.603074587,865698.577233568,733643.530576287,572012.741520883,588725.873199809,625220.759105358,544277.165356452,1,1,1,1,1,1,1,1,1,1,1,1
15714,51.2426,2,683.332983661997,1364.65141439023,-0.00579460976541668,-4.24620170340278,1,QAYNGDLTDLQK,"",sp|P32264|PROB_YEAST,Glutamate 5-kinase OS=Saccharomyces cerevisiae (strain ATCC 204508 \ S288c) GN=PRO1 PE=1 SV=2,True,1.36659059570038,A,C,0.0052132379840274,13.305748792834,1410920.72066644,1696649.1138732,1480642.62076899,1508832.98997586,1398698.00603781,1218688.74247081,1128269.7447094,1287662.76553743,1329388.57573941,1090574.80720225,1050418.63252128,991119.084037702,1470356.7628968,1523598.27807655,1340252.2884571,1248113.84969263,1576945.44926447,1367233.76580298,1328379.63898568,1287662.76553743,1253310.84060151,1025294.44279499,1156519.61377082,930507.443494297,1,1,1,1,1,1,1,1,1,0,1,1
16992,81.14365,3,647.681393366422,1940.02235069863,-0.00314330137325669,-1.6202371479025,1,KLPDGTLDPDFPLQTVGK,"",sp|P32264|PROB_YEAST,Glutamate 5-kinase OS=Saccharomyces cerevisiae (strain ATCC 204508 \ S288c) GN=PRO1 PE=1 SV=2,True,1.06090630846158,A,C,0.610152757753831,11.8837496349217,3015456.37129254,2469131.20309504,2454990.47823816,2330270.12701804,2593663.32313839,2474488.30899065,2414137.25784734,2237627.87623599,2346330.51580293,2207697.96152859,2621143.7022473,2505087.13996095,3142484.62284682,2217290.5514875,2222215.2465733,1927610.56947909,2924194.89889277,2776101.76514598,2842308.58274684,2237627.87623599,2212055.62072348,2075548.08379624,2885900.92398182,2351889.16032095,1,1,0,1,1,1,1,1,1,1,0,0
19731,96.6179666666667,2,855.458128063706,1708.90170319365,-0.005254806347466,-3.07495169521453,1,TNPDAMPILVVPDLSK,"",sp|P32264|PROB_YEAST,Glutamate 5-kinase OS=Saccharomyces cerevisiae (strain ATCC 204508 \ S288c) GN=PRO1 PE=1 SV=2,False,1.12114088262973,A,C,0.438031859988581,13.9080290237674,1884073.98330208,1766923.99752905,2311330.09897743,2323692.08278209,1872798.66503159,1914822.28160124,2175133.04880247,1912373.68367528,1845396.16107569,1525875.32134759,1883254.19224528,2136178.10838773,1963441.94437631,1586705.42902167,2092176.33687014,1922169.17989567,2111464.60455475,2148218.48079871,2560914.59304196,1912373.68367528,1739788.54346191,1434538.44435411,2073478.46241073,2005540.66862135,1,0,0,0,1,1,1,1,0,0,0,1
114077,96.6179666666667,3,570.641379513103,1708.90230913867,-0.00464886133022446,-2.72037123405782,---,TNPDAMPILVVPDLSK,"",sp|P32264|PROB_YEAST,Glutamate 5-kinase OS=Saccharomyces cerevisiae (strain ATCC 204508 \ S288c) GN=PRO1 PE=1 SV=2,False,1.44360451909146,B,C,0.42724830221531,67.176374334933,17688.0323844794,15481.860139555,12466.7182150619,45534.2341385337,18420.7369518288,27436.7114305232,31263.2324007579,23027.752886524,11997.0277407635,15971.5646276417,22286.2646154075,19119.0140072969,18433.1533713478,13902.7776911395,11284.6593654104,37666.135775809,20768.2410233586,30780.9508557124,36808.0785333302,23027.752886524,11310.4664782702,15015.5279099759,24537.3619121169,17949.7954711815,0,0,0,0,0,0,0,0,0,0,0,0
27714,35.0048833333333,2,601.770666750298,1201.52678056684,-0.00172243316319509,-1.43353500053847,1,CNYTSSELTK,[1] C+57.0215,sp|P32264|PROB_YEAST,Glutamate 5-kinase OS=Saccharomyces cerevisiae (strain ATCC 204508 \ S288c) GN=PRO1 PE=1 SV=2,False,1.34136745930463,B,A,0.0701344367886203,36.4124845861622,551504.438619143,274410.310812497,342437.859556724,273935.594795779,503115.258756488,487634.079368633,416987.220444339,526901.904925522,488421.062533284,445080.930804751,504225.031258089,485703.987394533,574736.956664891,246421.651726168,309968.873303733,226600.831278132,567231.321076263,547071.418184546,490944.063645134,526901.904925522,460469.890912517,418438.975423262,555155.935309797,456000.881109339,1,0,0,0,1,1,1,1,1,1,0,0
29016,56.6512166666667,2,1024.97888054278,2047.94320815181,-0.0048398481926597,-2.36326707476112,1,GLPGVNTAGGSGSDVGTGGMETK,"",sp|P32264|PROB_YEAST,Glutamate 5-kinase OS=Saccharomyces cerevisiae (strain ATCC 204508 \ S288c) GN=PRO1 PE=1 SV=2,True,1.08159423419118,B,C,0.898067652081061,26.2504261161072,1195674.84333469,1817731.90353782,1226218.80220461,1582338.65581699,1902058.2402245,1486940.85414012,966884.139448237,1476984.33961668,1335220.6517643,1244331.64840622,1325647.57463407,1487642.82816282,1246043.499377,1632331.14943413,1109952.2144988,1308918.08725683,2144452.96497901,1668182.91880709,1138370.68672973,1476984.33961668,1258809.16083578,1169847.60300649,1459548.95843013,1396666.40180824,1,1,1,1,1,1,1,1,1,1,1,1
32607,43.7564666666667,2,496.795972172319,991.577391410878,-0.00407358912161726,-4.10817392761296,0.9998,ALNVPLHTK,"",sp|P32264|PROB_YEAST,Glutamate 5-kinase OS=Saccharomyces cerevisiae (strain ATCC 204508 \ S288c) GN=PRO1 PE=1 SV=2,False,1.51624005484004,C,B,0.00797515837262219,20.1450514490406,285110.74055582,256468.932239179,278451.871546761,213167.138873132,233718.390647044,292845.639354296,225197.483179173,273229.494016239,302739.942207314,345807.71023942,474405.270468726,431179.498047095,297121.233964693,230310.215792178,252049.855131068,176332.874542439,263503.02277496,328540.366658017,265138.503277938,273229.494016239,285414.857909745,325108.118436834,522324.13171919,404810.823317467,0,0,0,0,0,1,1,1,0,1,1,1
33240,43.7564666666667,3,331.533226776099,991.577850927657,-0.00361407234311173,-3.64475584778274,0.9511,ALNVPLHTK,"",sp|P32264|PROB_YEAST,Glutamate 5-kinase OS=Saccharomyces cerevisiae (strain ATCC 204508 \ S288c) GN=PRO1 PE=1 SV=2,False,1.37412050586108,A,C,0.171094378450725,27.4848007317071,223122.241744009,197819.241714329,171296.736524307,110591.771934938,168103.851405163,166889.321674576,134550.615319139,169730.523244212,159077.755698005,119116.139933989,125029.326415686,108253.019606365,232521.425403717,177642.538803039,155054.86598292,91482.0415056356,189526.690059524,187231.331342918,158414.509155321,169730.523244212,149974.115434215,111986.005466987,137658.323852483,101632.833174893,0,1,0,1,1,0,0,0,0,0,0,0
39903,79.8417833333333,3,613.342460408015,1837.00555182341,-0.00760317659387511,-4.13887977512883,1,LVAADLATNAGVHTLIMK,"",sp|P32264|PROB_YEAST,Glutamate 5-kinase OS=Saccharomyces cerevisiae (strain ATCC 204508 \ S288c) GN=PRO1 PE=1 SV=2,False,1.13486222544952,B,A,0.241258307227805,13.4016243322258,440837.456373943,366155.439573995,360297.790452667,402323.17721074,497235.48787927,367758.277498842,486830.407825722,429471.309150552,405249.271471403,437397.778973387,433180.976262397,445163.413577199,459408.048817573,328809.17608813,326135.376225648,332803.652137204,560602.24325709,412584.048024062,573174.637029149,429471.309150552,382057.822934484,411215.726890632,476935.842386353,417939.555978882,0,1,1,0,1,1,1,0,1,1,1,1
46591,99.7100666666667,2,727.854656628442,1453.69476032312,-0.00425367687671496,-2.92610563517584,1,WDLLFSQFDQR,"",sp|P32264|PROB_YEAST,Glutamate 5-kinase OS=Saccharomyces cerevisiae (strain ATCC 204508 \ S288c) GN=PRO1 PE=1 SV=2,False,1.0493142290331,B,C,0.847469200707458,15.4067760255385,458064.430073137,453027.905634842,478016.643223024,530845.668740856,472885.074740645,424358.502068692,585745.890279937,475688.669381973,406622.518596613,405667.56616895,547908.726491518,506428.060157867,477360.721077494,406821.028167795,432692.461377009,439118.070460141,533148.659266188,476083.22996205,689633.767027771,475688.669381973,383352.482404453,381384.842624608,603252.045541756,475457.5783684,1,1,1,1,1,1,1,1,1,1,1,1
66290,92.5337666666667,2,664.869712486782,1327.7248720398,-0.00398596019545039,-3.00208899688643,0.9999,EFWILHGLVSK,"",sp|P32264|PROB_YEAST,Glutamate 5-kinase OS=Saccharomyces cerevisiae (strain ATCC 204508 \ S288c) GN=PRO1 PE=1 SV=2,False,1.478202225303,C,A,0.13039871156347,40.203237807087,293974.049552327,211919.826692766,97738.5879107442,272962.21987609,289163.206721973,295042.180684578,271309.897854987,239659.720085279,335970.457854214,303903.988418288,313380.586365865,342529.179986404,306357.916177782,190304.925396325,88471.2923162424,225795.650899469,326013.621930202,331004.642703313,319429.414690787,239659.720085279,316743.670462442,285712.697937572,345034.620946505,321581.893361285,0,1,0,0,0,0,0,0,0,0,0,1
90024,92.5337666666667,3,443.582365139872,1327.72526601897,-0.00359198102546543,-2.70535735050313,---,EFWILHGLVSK,"",sp|P32264|PROB_YEAST,Glutamate 5-kinase OS=Saccharomyces cerevisiae (strain ATCC 204508 \ S288c) GN=PRO1 PE=1 SV=2,False,1.39393930101295,B,C,0.343967296237201,106.805351607808,37171.5725298082,3360.33315829898,0,42362.7816929681,31161.2597004304,30692.5740609133,23251.1958742322,30145.7949458943,17704.2604916634,27697.1248062005,13446.5469762194,23832.0126114075,38737.4515492951,3017.59378051961,0,35042.6951781751,35132.3920287435,34433.6680508023,27375.0274047745,30145.7949458943,16691.0879211469,26039.2115769186,14804.759582531,22374.5718203939,0,0,0,0,0,0,0,0,0,0,0,0
6790,24.7357166666667,2,394.728299365846,787.442045797931,-0.00192320206895147,-2.44233513070626,0.9994,VTAQLEK,"",sp|P53900|PFD4_YEAST,Prefoldin subunit 4 OS=Saccharomyces cerevisiae (strain ATCC 204508 \ S288c) GN=GIM3 PE=1 SV=1,True,1.4514853306683,C,A,0.0284033474443314,21.5777634550717,2250387.8789367,1919906.8439692,1420686.44342012,1625139.35010731,3041156.56968358,2579329.15028663,1893316.09444631,2078561.91740461,2732762.02408392,2420885.68455107,2643491.97456366,2676953.39073888,2345187.07427632,1724084.69000472,1285980.98573233,1344323.02582532,3428715.84313507,2893721.57507746,2229114.5905664,2078561.91740461,2576372.57613975,2275974.67190698,2910506.55688622,2513244.973371,1,1,1,1,1,1,1,0,1,1,1,1
10742,54.1133333333333,2,539.268530880301,1076.52250882684,-0.00256417315722501,-2.38189822191444,1,FGDNINLER,"",sp|P53900|PFD4_YEAST,Prefoldin subunit 4 OS=Saccharomyces cerevisiae (strain ATCC 204508 \ S288c) GN=GIM3 PE=1 SV=1,True,1.10791835419672,B,A,0.659170719029989,19.0352818258882,1197501.65747471,1515912.72610868,982581.940828463,1103078.03294064,1550620.42158428,1375940.51038955,1084927.04070288,1305494.59098898,1440942.30896994,1244561.16267043,1016817.46109243,1367723.85467866,1247947.26936635,1361296.21636436,889416.309053711,912471.412907627,1748228.57171342,1543652.82945563,1277349.67405856,1305494.59098898,1358480.61994133,1170063.37885065,1119524.44574924,1284081.04325715,0,0,0,0,0,0,0,1,0,0,0,0
20734,36.1611833333333,2,726.339765216746,1450.66497749973,-0.00385850026873413,-2.65980778864276,1,NNTQVTFEDQQK,"",sp|P53900|PFD4_YEAST,Prefoldin subunit 4 OS=Saccharomyces cerevisiae (strain ATCC 204508 \ S288c) GN=GIM3 PE=1 SV=1,True,1.35836126667667,B,A,0.0586636979892253,31.6996372242017,1534161.90451674,766853.946274215,958239.788309068,947689.23083633,1675735.93730839,1282364.99200271,1485183.20738452,1271266.82567003,1388841.99887074,1343383.51681015,1332562.85527645,1501657.79219371,1598789.56956514,688638.176583472,867382.210370838,783933.054267522,1889288.5734449,1438671.46388429,1748595.2646556,1271266.82567003,1309361.88623346,1262970.35767891,1467162.73968841,1409824.2842071,1,1,1,1,1,1,1,1,1,1,1,1
21895,65.7296333333333,2,622.33456442799,1242.65457592222,-0.00223907778058674,-1.80184726270281,1,DAIAQELSLQR,"",sp|P53900|PFD4_YEAST,Prefoldin subunit 4 OS=Saccharomyces cerevisiae (strain ATCC 204508 \ S288c) GN=GIM3 PE=1 SV=1,False,1.29460788084581,A,C,0.127906327152048,25.9772082638994,658196.022123079,735572.597124479,644996.41423683,777888.097643686,754278.653316141,675474.989882705,576598.162137207,666551.582810495,563667.153471871,581093.325513303,347380.706712839,683539.321737077,685922.999262014,660547.389094921,583839.684270718,643472.746573274,850402.506251996,757808.111241484,678863.598045788,666551.582810495,531409.827667852,546309.848218928,382469.035030974,641737.644891517,1,1,1,1,1,1,1,1,1,1,1,1
28772,78.6621333333333,2,557.28837826613,1112.5622035985,-0.00262540149901724,-2.35977394807368,1,MELLPQGQR,[N-term] nTerm+42.0106,sp|P53900|PFD4_YEAST,Prefoldin subunit 4 OS=Saccharomyces cerevisiae (strain ATCC 204508 \ S288c) GN=GIM3 PE=1 SV=1,False,1.02010682721947,A,C,0.957725030939219,16.5987641381896,605047.678348247,520577.913717934,539725.717112154,555945.504282949,645491.738742026,552032.143397233,426353.090063842,572776.809107692,568172.348157331,552086.01467481,512772.560518896,544482.994005948,630535.74357753,467481.229005967,488550.455965548,459880.774200861,727751.991890331,619318.912170365,501971.063670865,572776.809107692,535657.200814688,519038.876611368,564566.835814936,511185.272222367,1,1,1,1,1,1,0,1,1,1,0,0
32844,24.20315,3,377.870776093617,1130.59049888021,-0.00265311978955651,-2.34666182513417,---,IETLEDKQR,"",sp|P53900|PFD4_YEAST,Prefoldin subunit 4 OS=Saccharomyces cerevisiae (strain ATCC 204508 \ S288c) GN=GIM3 PE=1 SV=1,False,1.3130121767434,C,A,0.109523113236239,24.1869651126171,233976.566678199,190633.723010922,153691.116703289,136497.234787109,270515.385823227,216499.102481558,177488.300342829,221524.698415577,242801.597745461,239671.387724474,255062.04062052,201004.293697893,243832.996521708,171189.911778347,139118.561081356,112911.164001831,304989.357808829,242888.009762605,208967.620942733,221524.698415577,228906.641837581,225324.975699071,280825.419097911,188711.926218029,0,0,0,0,0,0,0,0,0,0,0,0
50357,24.2096,2,566.301662058345,1130.58877118293,-0.00438081706897719,-3.87479533307592,0.9974,IETLEDKQR,"",sp|P53900|PFD4_YEAST,Prefoldin subunit 4 OS=Saccharomyces cerevisiae (strain ATCC 204508 \ S288c) GN=GIM3 PE=1 SV=1,False,1.72639666870729,C,A,0.00185777111352514,19.7188093756482,192184.036229336,155934.024847903,124358.46442402,134831.222361186,221154.832951205,223044.148714805,169343.054064496,199163.051862984,220561.151142208,287047.667582417,282537.78013486,258307.473930364,200279.925903374,140029.432019358,112567.147666423,111533.030572637,249338.388915827,250230.82659268,199377.733984054,199163.051862984,207938.962908813,269865.374154874,311076.435851984,242510.74474646,1,1,1,1,1,1,1,1,1,1,1,1
118736,57.2170833333333,2,317.699248987072,633.383945040384,-0.00105195961589288,-1.66085338439566,0.8148,IGLFGK,"",sp|P07286|GPT_YEAST,UDP-N-acetylglucosamine--dolichyl-phosphate N-acetylglucosaminephosphotransferase OS=Saccharomyces cerevisiae (strain ATCC 204508 \ S288c) GN=ALG7 PE=3 SV=1,True,Infinity,A,C,0.0128525033860352,128.792263298255,14777.1141379648,0,0,30643.8924280941,16009.0555491827,2647.48237717362,10462.3553771293,9972.1181599358,0,0,0,0,15399.6106163865,0,0,25348.7740539177,18049.2194786351,2970.18194580297,12317.9584704635,9972.1181599358,0,0,0,0,0,0,0,0,1,0,0,0,0,0,0,0
