Fragment.Key,Protein,Peptide,Fragment,FragMz,lgillet_I150211_010_RT,lgillet_I150211_010_Spec_Centric_Prob,lgillet_I150211_010_Pep_Centric_Prob,lgillet_I150211_010_Intensity,lgillet_I150211_010_Corr,lgillet_I150211_010_PPM,lgillet_I150211_011_RT,lgillet_I150211_011_Spec_Centric_Prob,lgillet_I150211_011_Pep_Centric_Prob,lgillet_I150211_011_Intensity,lgillet_I150211_011_Corr,lgillet_I150211_011_PPM,lgillet_I150211_013_RT,lgillet_I150211_013_Spec_Centric_Prob,lgillet_I150211_013_Pep_Centric_Prob,lgillet_I150211_013_Intensity,lgillet_I150211_013_Corr,lgillet_I150211_013_PPM,lgillet_I150211_008_RT,lgillet_I150211_008_Spec_Centric_Prob,lgillet_I150211_008_Pep_Centric_Prob,lgillet_I150211_008_Intensity,lgillet_I150211_008_Corr,lgillet_I150211_008_PPM,lgillet_I150211_009_RT,lgillet_I150211_009_Spec_Centric_Prob,lgillet_I150211_009_Pep_Centric_Prob,lgillet_I150211_009_Intensity,lgillet_I150211_009_Corr,lgillet_I150211_009_PPM,lgillet_I150211_012_RT,lgillet_I150211_012_Spec_Centric_Prob,lgillet_I150211_012_Pep_Centric_Prob,lgillet_I150211_012_Intensity,lgillet_I150211_012_Corr,lgillet_I150211_012_PPM,X
sp|P0AAC0|USPE_ECOLI;ALVAVNLASEEPYHNALNEK_3;b3;+1,sp|P0AAC0|USPE_ECOLI,ALVAVNLASEEPYHNALNEK_3,b3+1,284.19687,,,,,,,,,,,,,,,,,,,72.44965,0.999981,0.9824282,746,0.77428526,6.550291,72.73388,0.999999,0.9955328,2106,0.5518638,1.1812,,,,,,,
sp|P0AAC0|USPE_ECOLI;ALVAVNLASEEPYHNALNEK_3;b4;+1,sp|P0AAC0|USPE_ECOLI,ALVAVNLASEEPYHNALNEK_3,b4+1,355.23398,,,,,,,,,,,,,,,,,,,72.44965,0.999981,0.9824282,385,0.8663151,6.443129,72.73388,0.999999,0.9955328,1343,0.87471277,-8.848564,,,,,,,
sp|P0AAC0|USPE_ECOLI;ALVAVNLASEEPYHNALNEK_3;b5;+1,sp|P0AAC0|USPE_ECOLI,ALVAVNLASEEPYHNALNEK_3,b5+1,454.3024,,,,,,,,,,,,,,,,,,,72.44965,0.999981,0.9824282,98,0.8006625,1.477841,72.73388,0.999999,0.9955328,325,0.9219311,9.740315,,,,,,,
sp|P0AAC0|USPE_ECOLI;ALVAVNLASEEPYHNALNEK_3;b6;+1,sp|P0AAC0|USPE_ECOLI,ALVAVNLASEEPYHNALNEK_3,b6+1,568.34534,,,,,,,,,,,,,,,,,,,72.44965,0.999981,0.9824282,98,0.76194054,0.42956388,72.73388,0.999999,0.9955328,392,0.7546786,8.6986685,,,,,,,
sp|P0AAC0|USPE_ECOLI;ALVAVNLASEEPYHNALNEK_3;b7;+1,sp|P0AAC0|USPE_ECOLI,ALVAVNLASEEPYHNALNEK_3,b7+1,681.4294,,,,,,,,,,,,,,,,,,,,,,,,,72.73388,0.999999,0.9955328,137,0.9178953,9.494347,,,,,,,
sp|P0AAC0|USPE_ECOLI;ALVAVNLASEEPYHNALNEK_3;y10;+1,sp|P0AAC0|USPE_ECOLI,ALVAVNLASEEPYHNALNEK_3,y10+1,1214.5801,,,,,,,,,,,,,,,,,,,72.44965,0.999981,0.9824282,122,0.8972555,-0.20100826,72.73388,0.999999,0.9955328,275,0.748637,8.442347,,,,,,,
sp|P0AAC0|USPE_ECOLI;ALVAVNLASEEPYHNALNEK_3;y12;+1,sp|P0AAC0|USPE_ECOLI,ALVAVNLASEEPYHNALNEK_3,y12+1,1430.6547,,,,,,,,,,,,,,,,,,,72.44965,0.999981,0.9824282,131,0.73721117,4.863513,72.73388,0.999999,0.9955328,366,0.8358045,3.7542908,,,,,,,
sp|P0AAC0|USPE_ECOLI;ALVAVNLASEEPYHNALNEK_3;y12;+2,sp|P0AAC0|USPE_ECOLI,ALVAVNLASEEPYHNALNEK_3,y12+2,715.83093,,,,,,,,,,,,,,,,,,,72.44965,0.999981,0.9824282,163,0.8732414,3.3253257,72.73388,0.999999,0.9955328,491,0.7325179,8.355947,,,,,,,
sp|P0AAC0|USPE_ECOLI;ALVAVNLASEEPYHNALNEK_3;y13;+1,sp|P0AAC0|USPE_ECOLI,ALVAVNLASEEPYHNALNEK_3,y13+1,1501.6918,,,,,,,,,,,,,,,,,,,,,,,,,72.73388,0.999999,0.9955328,234,0.86030257,4.0644264,,,,,,,
sp|P0AAC0|USPE_ECOLI;ALVAVNLASEEPYHNALNEK_3;y13;+2,sp|P0AAC0|USPE_ECOLI,ALVAVNLASEEPYHNALNEK_3,y13+2,751.3495,,,,,,,,,,,,,,,,,,,,,,,,,72.73388,0.999999,0.9955328,929,0.88178563,6.3362556,,,,,,,
sp|P0AAC0|USPE_ECOLI;ALVAVNLASEEPYHNALNEK_3;y14;+2,sp|P0AAC0|USPE_ECOLI,ALVAVNLASEEPYHNALNEK_3,y14+2,807.89154,,,,,,,,,,,,,,,,,,,,,,,,,72.73388,0.999999,0.9955328,402,0.8846218,9.745783,,,,,,,
sp|P0AAC0|USPE_ECOLI;ALVAVNLASEEPYHNALNEK_3;y15;+2,sp|P0AAC0|USPE_ECOLI,ALVAVNLASEEPYHNALNEK_3,y15+2,864.913,,,,,,,,,,,,,,,,,,,72.44965,0.999981,0.9824282,517,0.72795945,13.619618,72.73388,0.999999,0.9955328,1029,0.60927814,4.939758,,,,,,,
sp|P0AAC0|USPE_ECOLI;ALVAVNLASEEPYHNALNEK_3;y16;+2,sp|P0AAC0|USPE_ECOLI,ALVAVNLASEEPYHNALNEK_3,y16+2,914.4472,,,,,,,,,,,,,,,,,,,72.44965,0.999981,0.9824282,334,0.91117144,6.474305,,,,,,,,,,,,,
sp|P0AAC0|USPE_ECOLI;ALVAVNLASEEPYHNALNEK_3;y17;+2,sp|P0AAC0|USPE_ECOLI,ALVAVNLASEEPYHNALNEK_3,y17+2,949.96576,,,,,,,,,,,,,,,,,,,72.44965,0.999981,0.9824282,228,0.8161197,5.3969874,72.73388,0.999999,0.9955328,1399,0.8742462,0.3854991,,,,,,,
sp|P0AAC0|USPE_ECOLI;ALVAVNLASEEPYHNALNEK_3;y18;+2,sp|P0AAC0|USPE_ECOLI,ALVAVNLASEEPYHNALNEK_3,y18+2,999.5,,,,,,,,,,,,,,,,,,,72.44965,0.999981,0.9824282,506,0.9002053,10.686496,72.73388,0.999999,0.9955328,1171,0.76423097,-4.518861,,,,,,,
sp|P0AAC0|USPE_ECOLI;ALVAVNLASEEPYHNALNEK_3;y2;+1,sp|P0AAC0|USPE_ECOLI,ALVAVNLASEEPYHNALNEK_3,y2+1,276.1554,,,,,,,,,,,,,,,,,,,72.44965,0.999981,0.9824282,161,0.7731318,34.810246,72.73388,0.999999,0.9955328,393,0.75169796,-3.094244,,,,,,,
sp|P0AAC0|USPE_ECOLI;ALVAVNLASEEPYHNALNEK_3;y3;+1,sp|P0AAC0|USPE_ECOLI,ALVAVNLASEEPYHNALNEK_3,y3+1,390.19833,,,,,,,,,,,,,,,,,,,72.44965,0.999981,0.9824282,198,0.70651144,6.3350444,72.73388,0.999999,0.9955328,522,0.7439136,-1.4859982,,,,,,,
sp|P0AAC0|USPE_ECOLI;ALVAVNLASEEPYHNALNEK_3;y6;+1,sp|P0AAC0|USPE_ECOLI,ALVAVNLASEEPYHNALNEK_3,y6+1,688.3624,,,,,,,,,,,,,,,,,,,,,,,,,72.73388,0.999999,0.9955328,503,0.634888,-9.487389,,,,,,,
sp|P0AAC0|USPE_ECOLI;ALVAVNLASEEPYHNALNEK_3;y7;+1,sp|P0AAC0|USPE_ECOLI,ALVAVNLASEEPYHNALNEK_3,y7+1,825.4213,,,,,,,,,,,,,,,,,,,72.44965,0.999981,0.9824282,290,0.8688022,-16.859287,72.73388,0.999999,0.9955328,482,0.9441623,-2.5880485,,,,,,,
sp|P0AAC0|USPE_ECOLI;DQPWPEGGK_2;b2;+1,sp|P0AAC0|USPE_ECOLI,DQPWPEGGK_2,b2+1,244.0928,,,,,,,40.030666,0.990814,0.9999588,1685,0.90517694,-2.3754654,,,,,,,,,,,,,39.61007,-1,0.99433607,1540,0.86102164,2.0003917,,,,,,,
sp|P0AAC0|USPE_ECOLI;DQPWPEGGK_2;b3;+1,sp|P0AAC0|USPE_ECOLI,DQPWPEGGK_2,b3+1,341.14557,,,,,,,40.030666,0.990814,0.9999588,364,0.87498134,13.955164,,,,,,,,,,,,,39.61007,-1,0.99433607,134,0.50036216,-4.472809,,,,,,,
sp|P0AAC0|USPE_ECOLI;DQPWPEGGK_2;b4;+1,sp|P0AAC0|USPE_ECOLI,DQPWPEGGK_2,b4+1,527.22485,,,,,,,40.030666,0.990814,0.9999588,98,0.8863062,1.504969,,,,,,,,,,,,,39.61007,-1,0.99433607,73,0.8645264,-4.0518394,,,,,,,
sp|P0AAC0|USPE_ECOLI;DQPWPEGGK_2;b8;+2,sp|P0AAC0|USPE_ECOLI,DQPWPEGGK_2,b8+2,434.1852,,,,,,,40.030666,0.990814,0.9999588,73,0.8474329,30.01255,,,,,,,,,,,,,,,,,,,,,,,,,
sp|P0AAC0|USPE_ECOLI;DQPWPEGGK_2;y2;+1,sp|P0AAC0|USPE_ECOLI,DQPWPEGGK_2,y2+1,204.13426,,,,,,,40.030666,0.990814,0.9999588,122,0.7342914,-5.0081687,,,,,,,,,,,,,,,,,,,,,,,,,
sp|P0AAC0|USPE_ECOLI;DQPWPEGGK_2;y3;+1,sp|P0AAC0|USPE_ECOLI,DQPWPEGGK_2,y3+1,261.15573,,,,,,,40.030666,0.990814,0.9999588,740,0.6145881,6.3102164,,,,,,,,,,,,,,,,,,,,,,,,,
sp|P0AAC0|USPE_ECOLI;DQPWPEGGK_2;y5;+1,sp|P0AAC0|USPE_ECOLI,DQPWPEGGK_2,y5+1,487.2511,,,,,,,40.030666,0.990814,0.9999588,1239,0.9589284,-3.5073998,,,,,,,,,,,,,39.61007,-1,0.99433607,1507,0.9699094,-0.18789642,,,,,,,
sp|P0AAC0|USPE_ECOLI;DQPWPEGGK_2;y6;+1,sp|P0AAC0|USPE_ECOLI,DQPWPEGGK_2,y6+1,673.3304,,,,,,,40.030666,0.990814,0.9999588,373,0.95812523,-6.345267,,,,,,,,,,,,,39.61007,-1,0.99433607,181,0.616469,1.9942267,,,,,,,
sp|P0AAC0|USPE_ECOLI;DQPWPEGGK_2;y7;+1,sp|P0AAC0|USPE_ECOLI,DQPWPEGGK_2,y7+1,770.3832,,,,,,,40.030666,0.990814,0.9999588,1769,0.9726545,-5.625118,,,,,,,,,,,,,39.61007,-1,0.99433607,1538,0.97291285,5.466664,,,,,,,
sp|P0AAC0|USPE_ECOLI;DQPWPEGGK_2;y7;+2,sp|P0AAC0|USPE_ECOLI,DQPWPEGGK_2,y7+2,385.69522,,,,,,,40.030666,0.990814,0.9999588,629,0.8159272,1.7407182,,,,,,,,,,,,,39.61007,-1,0.99433607,835,0.9393315,9.494827,,,,,,,
sp|P0AAC0|USPE_ECOLI;FGINENMTHVEK_2;b10;+1,sp|P0AAC0|USPE_ECOLI,FGINENMTHVEK_2,b10+1,1143.5251,,,,,,,49.650696,0.999932,0.9902211,73,0.80458695,10.354666,,,,,,,,,,,,,,,,,,,,,,,,,
sp|P0AAC0|USPE_ECOLI;FGINENMTHVEK_2;b11;+1,sp|P0AAC0|USPE_ECOLI,FGINENMTHVEK_2,b11+1,1272.5677,,,,,,,,,,,,,49.614998,0.999996,0.99412054,73,0.9558884,28.777323,,,,,,,,,,,,,,,,,,,
sp|P0AAC0|USPE_ECOLI;FGINENMTHVEK_2;b2;+1,sp|P0AAC0|USPE_ECOLI,FGINENMTHVEK_2,b2+1,205.09715,,,,,,,49.650696,0.999932,0.9902211,736,0.46958607,8.406958,,,,,,,,,,,,,,,,,,,,,,,,,
sp|P0AAC0|USPE_ECOLI;FGINENMTHVEK_2;b3;+1,sp|P0AAC0|USPE_ECOLI,FGINENMTHVEK_2,b3+1,318.1812,,,,,,,49.650696,0.999932,0.9902211,98,0.97258407,-11.989071,,,,,,,,,,,,,,,,,,,,,,,,,
sp|P0AAC0|USPE_ECOLI;FGINENMTHVEK_2;b4;+1,sp|P0AAC0|USPE_ECOLI,FGINENMTHVEK_2,b4+1,432.22415,,,,,,,49.650696,0.999932,0.9902211,98,0.95638436,17.510265,49.614998,0.999996,0.99412054,122,0.8612445,5.7896843,,,,,,,,,,,,,,,,,,,
sp|P0AAC0|USPE_ECOLI;FGINENMTHVEK_2;y11;+1,sp|P0AAC0|USPE_ECOLI,FGINENMTHVEK_2,y11+1,1271.6049,,,,,,,49.650696,0.999932,0.9902211,98,0.8970051,-1.919941,,,,,,,,,,,,,,,,,,,,,,,,,
sp|P0AAC0|USPE_ECOLI;FGINENMTHVEK_2;y11;+2,sp|P0AAC0|USPE_ECOLI,FGINENMTHVEK_2,y11+2,636.3061,,,,,,,,,,,,,49.614998,0.999996,0.99412054,98,0.88442326,-6.714474,,,,,,,,,,,,,,,,,,,
sp|P0AAC0|USPE_ECOLI;FGINENMTHVEK_2;y2;+1,sp|P0AAC0|USPE_ECOLI,FGINENMTHVEK_2,y2+1,276.1554,,,,,,,49.650696,0.999932,0.9902211,233,0.9564288,31.05295,49.614998,0.999996,0.99412054,278,0.8029649,19.339025,,,,,,,,,,,,,,,,,,,
sp|P0AAC0|USPE_ECOLI;FGINENMTHVEK_2;y3;+1,sp|P0AAC0|USPE_ECOLI,FGINENMTHVEK_2,y3+1,375.22382,,,,,,,,,,,,,49.614998,0.999996,0.99412054,122,0.9517816,1.1386434,,,,,,,,,,,,,,,,,,,
sp|P0AAC0|USPE_ECOLI;FGINENMTHVEK_2;y5;+1,sp|P0AAC0|USPE_ECOLI,FGINENMTHVEK_2,y5+1,613.3304,,,,,,,,,,,,,49.614998,0.999996,0.99412054,98,0.7623413,-12.43929,,,,,,,,,,,,,,,,,,,
sp|P0AAC0|USPE_ECOLI;FGINENMTHVEK_2;y6;+1,sp|P0AAC0|USPE_ECOLI,FGINENMTHVEK_2,y6+1,744.3709,,,,,,,,,,,,,49.614998,0.999996,0.99412054,98,0.83053654,1.0659431,,,,,,,,,,,,,,,,,,,
sp|P0AAC0|USPE_ECOLI;FGINENMTHVEK_2;y7;+1,sp|P0AAC0|USPE_ECOLI,FGINENMTHVEK_2,y7+1,858.4138,,,,,,,49.650696,0.999932,0.9902211,169,0.98221695,2.1330676,49.614998,0.999996,0.99412054,122,0.8112033,-14.362655,,,,,,,,,,,,,,,,,,,
sp|P0AAC0|USPE_ECOLI;FGINENMTHVEK_2;y8;+1,sp|P0AAC0|USPE_ECOLI,FGINENMTHVEK_2,y8+1,987.4564,,,,,,,49.650696,0.999932,0.9902211,98,0.92413664,-7.417258,49.614998,0.999996,0.99412054,122,0.77794105,2.1633668,,,,,,,,,,,,,,,,,,,
sp|P0AAC0|USPE_ECOLI;FGINENMTHVEK_2;y9;+1,sp|P0AAC0|USPE_ECOLI,FGINENMTHVEK_2,y9+1,1101.4994,,,,,,,49.650696,0.999932,0.9902211,440,0.91623163,0.88657564,49.614998,0.999996,0.99412054,200,0.8172131,1.1082195,,,,,,,,,,,,,,,,,,,
sp|P0AAC0|USPE_ECOLI;FGINENMTHVEK_2;y9;+2,sp|P0AAC0|USPE_ECOLI,FGINENMTHVEK_2,y9+2,551.2533,,,,,,,49.650696,0.999932,0.9902211,285,0.87974405,4.982432,49.614998,0.999996,0.99412054,186,0.9394572,-0.11072071,,,,,,,,,,,,,,,,,,,
sp|P0AAC0|USPE_ECOLI;FGINENMTHVEK_3;b10;+2,sp|P0AAC0|USPE_ECOLI,FGINENMTHVEK_3,b10+2,572.26624,,,,,,,,,,,,,49.61484,0.999999,0.99021393,98,0.7870681,29.650139,,,,,,,,,,,,,,,,,,,
sp|P0AAC0|USPE_ECOLI;FGINENMTHVEK_3;b11;+2,sp|P0AAC0|USPE_ECOLI,FGINENMTHVEK_3,b11+2,636.78754,,,,,,,49.638233,0.999999,0.9796885,253,0.78834516,30.096441,49.61484,0.999999,0.99021393,360,0.9814176,28.27532,,,,,,,49.052517,0.999973,0.99603295,547,0.80965376,36.614143,,,,,,,
sp|P0AAC0|USPE_ECOLI;FGINENMTHVEK_3;b2;+1,sp|P0AAC0|USPE_ECOLI,FGINENMTHVEK_3,b2+1,205.09715,,,,,,,49.638233,0.999999,0.9796885,404,0.53588015,9.448528,49.61484,0.999999,0.99021393,529,0.97041845,-0.3719893,,,,,,,49.052517,0.999973,0.99603295,476,0.98931795,3.3479037,,,,,,,
sp|P0AAC0|USPE_ECOLI;FGINENMTHVEK_3;b3;+1,sp|P0AAC0|USPE_ECOLI,FGINENMTHVEK_3,b3+1,318.1812,,,,,,,,,,,,,49.61484,0.999999,0.99021393,98,0.9543971,1.342776,,,,,,,49.052517,0.999973,0.99603295,98,0.5053308,-7.2893553,,,,,,,
sp|P0AAC0|USPE_ECOLI;FGINENMTHVEK_3;b4;+1,sp|P0AAC0|USPE_ECOLI,FGINENMTHVEK_3,b4+1,432.22415,,,,,,,49.638233,0.999999,0.9796885,122,0.85857415,-10.237857,,,,,,,,,,,,,49.052517,0.999973,0.99603295,98,0.76741004,1.7651477,,,,,,,
sp|P0AAC0|USPE_ECOLI;FGINENMTHVEK_3;b6;+1,sp|P0AAC0|USPE_ECOLI,FGINENMTHVEK_3,b6+1,675.3097,,,,,,,,,,,,,,,,,,,,,,,,,49.052517,0.999973,0.99603295,98,0.8460914,-11.207242,,,,,,,
sp|P0AAC0|USPE_ECOLI;FGINENMTHVEK_3;b6;+2,sp|P0AAC0|USPE_ECOLI,FGINENMTHVEK_3,b6+2,338.15848,,,,,,,,,,,,,,,,,,,,,,,,,49.052517,0.999973,0.99603295,73,0.39914265,-7.5806956,,,,,,,
sp|P0AAC0|USPE_ECOLI;FGINENMTHVEK_3;b7;+1,sp|P0AAC0|USPE_ECOLI,FGINENMTHVEK_3,b7+1,806.35016,,,,,,,,,,,,,,,,,,,,,,,,,49.052517,0.999973,0.99603295,73,0.4951555,6.585301,,,,,,,
sp|P0AAC0|USPE_ECOLI;FGINENMTHVEK_3;b8;+2,sp|P0AAC0|USPE_ECOLI,FGINENMTHVEK_3,b8+2,454.20255,,,,,,,,,,,,,49.61484,0.999999,0.99021393,122,0.70520663,11.489381,,,,,,,,,,,,,,,,,,,
sp|P0AAC0|USPE_ECOLI;FGINENMTHVEK_3;y10;+2,sp|P0AAC0|USPE_ECOLI,FGINENMTHVEK_3,y10+2,607.79535,,,,,,,49.638233,0.999999,0.9796885,230,0.96771973,4.5189257,49.61484,0.999999,0.99021393,283,0.81971896,2.2092526,,,,,,,49.052517,0.999973,0.99603295,242,0.98412496,5.8243933,,,,,,,
sp|P0AAC0|USPE_ECOLI;FGINENMTHVEK_3;y11;+2,sp|P0AAC0|USPE_ECOLI,FGINENMTHVEK_3,y11+2,636.3061,,,,,,,49.638233,0.999999,0.9796885,458,0.92332786,6.234869,49.61484,0.999999,0.99021393,771,0.83674496,5.659343,,,,,,,49.052517,0.999973,0.99603295,646,0.8782686,4.3164477,,,,,,,
sp|P0AAC0|USPE_ECOLI;FGINENMTHVEK_3;y4;+1,sp|P0AAC0|USPE_ECOLI,FGINENMTHVEK_3,y4+1,512.2827,,,,,,,49.638233,0.999999,0.9796885,433,0.84919286,-5.480601,49.61484,0.999999,0.99021393,234,0.8702247,-2.2637265,,,,,,,49.052517,0.999973,0.99603295,204,0.9320054,-5.5997443,,,,,,,
sp|P0AAC0|USPE_ECOLI;FGINENMTHVEK_3;y5;+1,sp|P0AAC0|USPE_ECOLI,FGINENMTHVEK_3,y5+1,613.3304,,,,,,,49.638233,0.999999,0.9796885,345,0.67647773,-6.169888,49.61484,0.999999,0.99021393,203,0.8015432,9.254832,,,,,,,49.052517,0.999973,0.99603295,265,0.79048336,24.381008,,,,,,,
sp|P0AAC0|USPE_ECOLI;FGINENMTHVEK_3;y5;+2,sp|P0AAC0|USPE_ECOLI,FGINENMTHVEK_3,y5+2,307.16885,,,,,,,49.638233,0.999999,0.9796885,73,0.5702116,29.308588,,,,,,,,,,,,,,,,,,,,,,,,,
sp|P0AAC0|USPE_ECOLI;FGINENMTHVEK_3;y6;+1,sp|P0AAC0|USPE_ECOLI,FGINENMTHVEK_3,y6+1,744.3709,,,,,,,49.638233,0.999999,0.9796885,122,0.97590595,-2.4598687,49.61484,0.999999,0.99021393,178,0.71701676,6.723641,,,,,,,,,,,,,,,,,,,
sp|P0AAC0|USPE_ECOLI;FGINENMTHVEK_3;y8;+1,sp|P0AAC0|USPE_ECOLI,FGINENMTHVEK_3,y8+1,987.4564,,,,,,,49.638233,0.999999,0.9796885,98,0.9083722,-2.6578507,49.61484,0.999999,0.99021393,134,0.9689597,0.6799153,,,,,,,49.052517,0.999973,0.99603295,98,0.8460914,8.406225,,,,,,,
sp|P0AAC0|USPE_ECOLI;FGINENMTHVEK_3;y8;+2,sp|P0AAC0|USPE_ECOLI,FGINENMTHVEK_3,y8+2,494.23184,,,,,,,49.638233,0.999999,0.9796885,122,0.95843667,14.325418,49.61484,0.999999,0.99021393,98,0.78486246,5.4955273,,,,,,,49.052517,0.999973,0.99603295,122,0.9686801,0.18524249,,,,,,,
sp|P0AAC0|USPE_ECOLI;FGINENMTHVEK_3;y9;+1,sp|P0AAC0|USPE_ECOLI,FGINENMTHVEK_3,y9+1,1101.4994,,,,,,,49.638233,0.999999,0.9796885,171,0.90146834,2.438083,49.61484,0.999999,0.99021393,146,0.90477353,4.1004124,,,,,,,49.052517,0.999973,0.99603295,176,0.9005624,7.092605,,,,,,,
sp|P0AAC0|USPE_ECOLI;FGINENMTHVEK_3;y9;+2,sp|P0AAC0|USPE_ECOLI,FGINENMTHVEK_3,y9+2,551.2533,,,,,,,49.638233,0.999999,0.9796885,663,0.7401847,4.7609906,49.61484,0.999999,0.99021393,421,0.93232423,10.075584,,,,,,,49.052517,0.999973,0.99603295,580,0.95806026,0.6643243,,,,,,,
sp|P0AAC0|USPE_ECOLI;LEAVIFTPTDWHLLR_3;b2;+1,sp|P0AAC0|USPE_ECOLI,LEAVIFTPTDWHLLR_3,b2+1,243.13393,,,,,,,104.85016,0.999999,0.9999988,1202,0.93039083,2.2593162,104.920425,0.999999,0.9998753,1025,0.9663584,-0.12551756,,,,,,,103.820045,0.999173,0.9938074,1301,0.80308604,5.3344965,,,,,,,
sp|P0AAC0|USPE_ECOLI;LEAVIFTPTDWHLLR_3;b3;+1,sp|P0AAC0|USPE_ECOLI,LEAVIFTPTDWHLLR_3,b3+1,314.17105,,,,,,,104.85016,0.999999,0.9999988,695,0.7114406,-6.5081673,104.920425,0.999999,0.9998753,620,0.9586541,-1.7484628,,,,,,,103.820045,0.999173,0.9938074,1254,0.8946754,-1.068505,,,,,,,
sp|P0AAC0|USPE_ECOLI;LEAVIFTPTDWHLLR_3;b4;+1,sp|P0AAC0|USPE_ECOLI,LEAVIFTPTDWHLLR_3,b4+1,413.23947,,,,,,,104.85016,0.999999,0.9999988,292,0.84151286,4.1355786,104.920425,0.999999,0.9998753,314,0.8444035,-3.5447817,,,,,,,,,,,,,,,,,,,
sp|P0AAC0|USPE_ECOLI;LEAVIFTPTDWHLLR_3;b5;+1,sp|P0AAC0|USPE_ECOLI,LEAVIFTPTDWHLLR_3,b5+1,526.32355,,,,,,,,,,,,,104.920425,0.999999,0.9998753,98,0.80145097,-10.320892,,,,,,,103.820045,0.999173,0.9938074,98,0.8380145,-6.37808,,,,,,,
sp|P0AAC0|USPE_ECOLI;LEAVIFTPTDWHLLR_3;b6;+1,sp|P0AAC0|USPE_ECOLI,LEAVIFTPTDWHLLR_3,b6+1,673.39197,,,,,,,104.85016,0.999999,0.9999988,98,0.8499839,-12.326819,104.920425,0.999999,0.9998753,73,0.8734497,10.876605,,,,,,,,,,,,,,,,,,,
sp|P0AAC0|USPE_ECOLI;LEAVIFTPTDWHLLR_3;b7;+1,sp|P0AAC0|USPE_ECOLI,LEAVIFTPTDWHLLR_3,b7+1,774.43964,,,,,,,,,,,,,104.920425,0.999999,0.9998753,130,0.20618999,-29.712133,,,,,,,,,,,,,,,,,,,
sp|P0AAC0|USPE_ECOLI;LEAVIFTPTDWHLLR_3;y10;+1,sp|P0AAC0|USPE_ECOLI,LEAVIFTPTDWHLLR_3,y10+1,1285.6688,,,,,,,104.85016,0.999999,0.9999988,122,0.79861397,-0.094946936,104.920425,0.999999,0.9998753,150,0.72941816,5.791763,,,,,,,,,,,,,,,,,,,
sp|P0AAC0|USPE_ECOLI;LEAVIFTPTDWHLLR_3;y10;+2,sp|P0AAC0|USPE_ECOLI,LEAVIFTPTDWHLLR_3,y10+2,643.338,,,,,,,104.85016,0.999999,0.9999988,506,0.40508235,2.941051,104.920425,0.999999,0.9998753,235,0.89782894,-0.09487261,,,,,,,103.820045,0.999173,0.9938074,434,0.92560536,8.159044,,,,,,,
sp|P0AAC0|USPE_ECOLI;LEAVIFTPTDWHLLR_3;y11;+2,sp|P0AAC0|USPE_ECOLI,LEAVIFTPTDWHLLR_3,y11+2,699.88007,,,,,,,104.85016,0.999999,0.9999988,405,0.8862877,2.0929925,104.920425,0.999999,0.9998753,140,0.93389744,4.447609,,,,,,,103.820045,0.999173,0.9938074,433,0.7720776,16.220692,,,,,,,
sp|P0AAC0|USPE_ECOLI;LEAVIFTPTDWHLLR_3;y12;+2,sp|P0AAC0|USPE_ECOLI,LEAVIFTPTDWHLLR_3,y12+2,749.41425,,,,,,,104.85016,0.999999,0.9999988,131,0.5780002,-32.25175,104.920425,0.999999,0.9998753,139,0.81432956,-5.2124043,,,,,,,103.820045,0.999173,0.9938074,122,0.8116135,4.6422977,,,,,,,
sp|P0AAC0|USPE_ECOLI;LEAVIFTPTDWHLLR_3;y13;+2,sp|P0AAC0|USPE_ECOLI,LEAVIFTPTDWHLLR_3,y13+2,784.9328,,,,,,,104.85016,0.999999,0.9999988,407,0.9100748,0.3110338,104.920425,0.999999,0.9998753,182,0.76594204,2.7215457,,,,,,,103.820045,0.999173,0.9938074,190,0.880622,7.8536034,,,,,,,
sp|P0AAC0|USPE_ECOLI;LEAVIFTPTDWHLLR_3;y14;+2,sp|P0AAC0|USPE_ECOLI,LEAVIFTPTDWHLLR_3,y14+2,849.4541,,,,,,,104.85016,0.999999,0.9999988,73,0.8249581,3.3052018,,,,,,,,,,,,,,,,,,,,,,,,,
sp|P0AAC0|USPE_ECOLI;LEAVIFTPTDWHLLR_3;y2;+1,sp|P0AAC0|USPE_ECOLI,LEAVIFTPTDWHLLR_3,y2+1,288.203,,,,,,,104.85016,0.999999,0.9999988,635,0.8226551,-0.635335,104.920425,0.999999,0.9998753,487,0.8568353,4.235567,,,,,,,,,,,,,,,,,,,
sp|P0AAC0|USPE_ECOLI;LEAVIFTPTDWHLLR_3;y3;+1,sp|P0AAC0|USPE_ECOLI,LEAVIFTPTDWHLLR_3,y3+1,401.28708,,,,,,,104.85016,0.999999,0.9999988,182,0.42001697,5.5515947,,,,,,,,,,,,,,,,,,,,,,,,,
sp|P0AAC0|USPE_ECOLI;LEAVIFTPTDWHLLR_3;y4;+1,sp|P0AAC0|USPE_ECOLI,LEAVIFTPTDWHLLR_3,y4+1,538.346,,,,,,,104.85016,0.999999,0.9999988,237,0.8877151,-1.2471286,104.920425,0.999999,0.9998753,145,0.93094075,-2.040756,,,,,,,103.820045,0.999173,0.9938074,122,0.8747237,-7.369396,,,,,,,
sp|P0AAC0|USPE_ECOLI;LEAVIFTPTDWHLLR_3;y5;+1,sp|P0AAC0|USPE_ECOLI,LEAVIFTPTDWHLLR_3,y5+1,724.4253,,,,,,,104.85016,0.999999,0.9999988,222,0.93372184,0.58977246,104.920425,0.999999,0.9998753,289,0.9434266,3.3701284,,,,,,,103.820045,0.999173,0.9938074,508,0.85338265,1.5165578,,,,,,,
sp|P0AAC0|USPE_ECOLI;LEAVIFTPTDWHLLR_3;y6;+1,sp|P0AAC0|USPE_ECOLI,LEAVIFTPTDWHLLR_3,y6+1,839.4523,,,,,,,104.85016,0.999999,0.9999988,152,0.6052751,0.7997914,104.920425,0.999999,0.9998753,98,0.9361278,-6.543748,,,,,,,103.820045,0.999173,0.9938074,128,0.9249139,-2.3266659,,,,,,,
sp|P0AAC0|USPE_ECOLI;LEAVIFTPTDWHLLR_3;y7;+1,sp|P0AAC0|USPE_ECOLI,LEAVIFTPTDWHLLR_3,y7+1,940.49994,,,,,,,104.85016,0.999999,0.9999988,131,0.7861864,-1.038344,104.920425,0.999999,0.9998753,175,0.89847535,-4.9970307,,,,,,,103.820045,0.999173,0.9938074,221,0.87048304,4.2831693,,,,,,,
sp|P0AAC0|USPE_ECOLI;LEAVIFTPTDWHLLR_3;y8;+1,sp|P0AAC0|USPE_ECOLI,LEAVIFTPTDWHLLR_3,y8+1,1037.5527,,,,,,,104.85016,0.999999,0.9999988,615,0.9594811,-1.7647823,104.920425,0.999999,0.9998753,854,0.92217654,-10.235737,,,,,,,103.820045,0.999173,0.9938074,600,0.8796388,-3.4119124,,,,,,,
sp|P0AAC0|USPE_ECOLI;LEAVIFTPTDWHLLR_3;y8;+2,sp|P0AAC0|USPE_ECOLI,LEAVIFTPTDWHLLR_3,y8+2,519.27997,,,,,,,104.85016,0.999999,0.9999988,363,0.924918,0.58769023,104.920425,0.999999,0.9998753,351,0.97068715,8.932892,,,,,,,103.820045,0.999173,0.9938074,404,0.8766895,3.9962938,,,,,,,
sp|P0AAC0|USPE_ECOLI;LEAVIFTPTDWHLLR_3;y9;+1,sp|P0AAC0|USPE_ECOLI,LEAVIFTPTDWHLLR_3,y9+1,1138.6003,,,,,,,104.85016,0.999999,0.9999988,316,0.9645897,-2.251428,104.920425,0.999999,0.9998753,171,0.67736006,-2.894693,,,,,,,103.820045,0.999173,0.9938074,284,0.8158704,6.647073,,,,,,,
sp|P0AAC0|USPE_ECOLI;LEAVIFTPTDWHLLR_3;y9;+2,sp|P0AAC0|USPE_ECOLI,LEAVIFTPTDWHLLR_3,y9+2,569.80383,,,,,,,104.85016,0.999999,0.9999988,142,0.9917639,-3.5348308,104.920425,0.999999,0.9998753,270,0.64634705,2.9992504,,,,,,,103.820045,0.999173,0.9938074,347,0.8632966,7.6052423,,,,,,,
sp|P0AAC0|USPE_ECOLI;MAHQHDR_2;y3;+1,sp|P0AAC0|USPE_ECOLI,MAHQHDR_2,y3+1,427.2048,,,,,,,7.311175,0.975746,-1,98,0.86455816,-2.6431127,,,,,,,,,,,,,,,,,,,,,,,,,
sp|P0AAC0|USPE_ECOLI;MAHQHDR_2;y4;+1,sp|P0AAC0|USPE_ECOLI,MAHQHDR_2,y4+1,555.26337,,,,,,,7.311175,0.975746,-1,122,0.9206565,-12.421083,7.308461,0.695216,-1,326,0.90059197,-3.2976327,,,,,,,,,,,,,,,,,,,
sp|P0AAC0|USPE_ECOLI;MAHQHDR_2;y5;+1,sp|P0AAC0|USPE_ECOLI,MAHQHDR_2,y5+1,692.3223,,,,,,,7.311175,0.975746,-1,122,0.8636821,-3.8790412,7.308461,0.695216,-1,122,0.8725068,13.841125,,,,,,,,,,,,,,,,,,,
sp|P0AAC0|USPE_ECOLI;MAHQHDR_2;y5;+2,sp|P0AAC0|USPE_ECOLI,MAHQHDR_2,y5+2,346.6648,,,,,,,,,,,,,7.308461,0.695216,-1,122,0.79113126,2.2007987,,,,,,,,,,,,,,,,,,,
sp|P0AAC0|USPE_ECOLI;MAHQHDR_2;y6;+1,sp|P0AAC0|USPE_ECOLI,MAHQHDR_2,y6+1,763.35944,,,,,,,7.311175,0.975746,-1,98,0.93381935,-21.50816,,,,,,,,,,,,,,,,,,,,,,,,,
sp|P0AAC0|USPE_ECOLI;MAHQHDR_2;y6;+2,sp|P0AAC0|USPE_ECOLI,MAHQHDR_2,y6+2,382.18335,,,,,,,,,,,,,7.308461,0.695216,-1,73,0.7838257,-6.2283487,,,,,,,,,,,,,,,,,,,
sp|P0AAC0|USPE_ECOLI;TAWIHEQAK_2;b3;+1,sp|P0AAC0|USPE_ECOLI,TAWIHEQAK_2,b3+1,359.1714,,,,,,,31.007683,0.998639,0.99936223,478,0.9075883,-9.006461,,,,,,,,,,,,,30.3257,0.995334,0.98690933,257,0.7985522,-6.9672627,,,,,,,
sp|P0AAC0|USPE_ECOLI;TAWIHEQAK_2;b4;+1,sp|P0AAC0|USPE_ECOLI,TAWIHEQAK_2,b4+1,472.25543,,,,,,,31.007683,0.998639,0.99936223,98,0.6826747,-13.182667,,,,,,,,,,,,,30.3257,0.995334,0.98690933,122,0.4378071,-27.270025,,,,,,,
sp|P0AAC0|USPE_ECOLI;TAWIHEQAK_2;b5;+1,sp|P0AAC0|USPE_ECOLI,TAWIHEQAK_2,b5+1,609.31433,,,,,,,,,,,,,,,,,,,,,,,,,30.3257,0.995334,0.98690933,73,0.37169993,-14.424513,,,,,,,
sp|P0AAC0|USPE_ECOLI;TAWIHEQAK_2;b6;+1,sp|P0AAC0|USPE_ECOLI,TAWIHEQAK_2,b6+1,738.35693,,,,,,,31.007683,0.998639,0.99936223,73,0.93565655,-17.77265,,,,,,,,,,,,,30.3257,0.995334,0.98690933,246,0.45321098,-29.345537,,,,,,,
sp|P0AAC0|USPE_ECOLI;TAWIHEQAK_2;y3;+1,sp|P0AAC0|USPE_ECOLI,TAWIHEQAK_2,y3+1,346.2085,,,,,,,31.007683,0.998639,0.99936223,122,0.7623449,0.96962774,,,,,,,,,,,,,30.3257,0.995334,0.98690933,122,0.70325893,-0.7051838,,,,,,,
sp|P0AAC0|USPE_ECOLI;TAWIHEQAK_2;y4;+1,sp|P0AAC0|USPE_ECOLI,TAWIHEQAK_2,y4+1,475.2511,,,,,,,31.007683,0.998639,0.99936223,215,0.97465307,-2.50433,,,,,,,,,,,,,30.3257,0.995334,0.98690933,126,0.7170976,4.944446,,,,,,,
sp|P0AAC0|USPE_ECOLI;TAWIHEQAK_2;y5;+1,sp|P0AAC0|USPE_ECOLI,TAWIHEQAK_2,y5+1,612.31,,,,,,,31.007683,0.998639,0.99936223,616,0.9578881,-8.074093,,,,,,,,,,,,,30.3257,0.995334,0.98690933,572,0.87994117,-1.295842,,,,,,,
sp|P0AAC0|USPE_ECOLI;TAWIHEQAK_2;y6;+1,sp|P0AAC0|USPE_ECOLI,TAWIHEQAK_2,y6+1,725.39404,,,,,,,31.007683,0.998639,0.99936223,254,0.79619366,5.216723,,,,,,,,,,,,,30.3257,0.995334,0.98690933,251,0.60215497,-5.973989,,,,,,,
sp|P0AAC0|USPE_ECOLI;TAWIHEQAK_2;y7;+1,sp|P0AAC0|USPE_ECOLI,TAWIHEQAK_2,y7+1,911.4734,,,,,,,31.007683,0.998639,0.99936223,188,0.72742206,0.9374845,,,,,,,,,,,,,30.3257,0.995334,0.98690933,270,0.66422105,-6.8972077,,,,,,,
sp|P0AAC0|USPE_ECOLI;TAWIHEQAK_2;y7;+2,sp|P0AAC0|USPE_ECOLI,TAWIHEQAK_2,y7+2,456.24033,,,,,,,31.007683,0.998639,0.99936223,328,0.84181833,-1.7391207,31.138958,0.999719,0.9989165,610,0.82191914,6.2875905,,,,,,,,,,,,,,,,,,,
sp|P0AAC0|USPE_ECOLI;TAWIHEQAK_2;y8;+2,sp|P0AAC0|USPE_ECOLI,TAWIHEQAK_2,y8+2,491.75888,,,,,,,31.007683,0.998639,0.99936223,122,0.8529844,-16.445374,,,,,,,,,,,,,30.3257,0.995334,0.98690933,98,0.42313567,-3.1029005,,,,,,,
sp|P0AAC0|USPE_ECOLI;TGISAAFLGNTAEQVIDHLR_3;b11;+2,sp|P0AAC0|USPE_ECOLI,TGISAAFLGNTAEQVIDHLR_3,b11+2,517.2693,,,,,,,,,,,,,,,,,,,113.93002,0.999999,0.9999904,73,0.69618464,-7.787666,,,,,,,115.69152,0.999999,0.97643024,98,0.55663836,7.551676,
sp|P0AAC0|USPE_ECOLI;TGISAAFLGNTAEQVIDHLR_3;b12;+1,sp|P0AAC0|USPE_ECOLI,TGISAAFLGNTAEQVIDHLR_3,b12+1,1104.5684,,,,,,,,,,,,,,,,,,,,,,,,,,,,,,,115.69152,0.999999,0.97643024,73,0.55633074,-0.44205615,
sp|P0AAC0|USPE_ECOLI;TGISAAFLGNTAEQVIDHLR_3;b16;+2,sp|P0AAC0|USPE_ECOLI,TGISAAFLGNTAEQVIDHLR_3,b16+2,787.4147,,,,,,,,,,,,,,,,,,,,,,,,,,,,,,,115.69152,0.999999,0.97643024,73,0.7311674,-29.76513,
sp|P0AAC0|USPE_ECOLI;TGISAAFLGNTAEQVIDHLR_3;b18;+2,sp|P0AAC0|USPE_ECOLI,TGISAAFLGNTAEQVIDHLR_3,b18+2,913.4576,114.98429,0.999999,0.994838,98,0.5685242,3.2072508,115.32989,0.999999,0.999999,122,0.90031636,24.989828,115.463844,0.999999,0.99999654,122,0.88093495,13.229909,113.93002,0.999999,0.9999904,73,0.5422376,17.238974,114.29233,0.999999,0.99728537,334,0.906195,28.865257,,,,,,,
sp|P0AAC0|USPE_ECOLI;TGISAAFLGNTAEQVIDHLR_3;b19;+2,sp|P0AAC0|USPE_ECOLI,TGISAAFLGNTAEQVIDHLR_3,b19+2,969.99963,,,,,,,,,,,,,,,,,,,,,,,,,,,,,,,115.69152,0.999999,0.97643024,73,0.6730586,-14.535182,
sp|P0AAC0|USPE_ECOLI;TGISAAFLGNTAEQVIDHLR_3;b3;+1,sp|P0AAC0|USPE_ECOLI,TGISAAFLGNTAEQVIDHLR_3,b3+1,272.1605,114.98429,0.999999,0.994838,411,0.38470307,28.481228,115.32989,0.999999,0.999999,959,0.94937557,8.073419,115.463844,0.999999,0.99999654,1112,0.86831063,6.3914566,113.93002,0.999999,0.9999904,774,0.49636427,8.18555,114.29233,0.999999,0.99728537,1445,0.90821576,7.6248956,115.69152,0.999999,0.97643024,561,0.6817041,5.0458865,
sp|P0AAC0|USPE_ECOLI;TGISAAFLGNTAEQVIDHLR_3;b4;+1,sp|P0AAC0|USPE_ECOLI,TGISAAFLGNTAEQVIDHLR_3,b4+1,359.1925,,,,,,,115.32989,0.999999,0.999999,697,0.88722825,4.4180045,115.463844,0.999999,0.99999654,829,0.89282554,4.502966,113.93002,0.999999,0.9999904,270,0.61167353,2.293964,114.29233,0.999999,0.99728537,581,0.93183744,-2.973657,115.69152,0.999999,0.97643024,73,0.90214455,9.090894,
sp|P0AAC0|USPE_ECOLI;TGISAAFLGNTAEQVIDHLR_3;b5;+1,sp|P0AAC0|USPE_ECOLI,TGISAAFLGNTAEQVIDHLR_3,b5+1,430.2296,114.98429,0.999999,0.994838,135,0.69015235,5.745592,115.32989,0.999999,0.999999,580,0.89721465,0.9221321,115.463844,0.999999,0.99999654,365,0.92970586,-3.1210623,,,,,,,114.29233,0.999999,0.99728537,379,0.892123,4.7525268,115.69152,0.999999,0.97643024,122,0.7138223,-0.9930653,
sp|P0AAC0|USPE_ECOLI;TGISAAFLGNTAEQVIDHLR_3;b6;+1,sp|P0AAC0|USPE_ECOLI,TGISAAFLGNTAEQVIDHLR_3,b6+1,501.26675,114.98429,0.999999,0.994838,171,0.802639,-0.730571,115.32989,0.999999,0.999999,522,0.8575926,6.0880914,115.463844,0.999999,0.99999654,557,0.92186296,4.0790215,113.93002,0.999999,0.9999904,122,0.98344266,-10.715041,114.29233,0.999999,0.99728537,448,0.9255044,4.444307,115.69152,0.999999,0.97643024,155,0.9195854,4.6878304,
sp|P0AAC0|USPE_ECOLI;TGISAAFLGNTAEQVIDHLR_3;b7;+1,sp|P0AAC0|USPE_ECOLI,TGISAAFLGNTAEQVIDHLR_3,b7+1,648.33514,114.98429,0.999999,0.994838,167,0.511103,17.22787,115.32989,0.999999,0.999999,720,0.8606084,0.47070682,115.463844,0.999999,0.99999654,583,0.92291373,13.462215,113.93002,0.999999,0.9999904,243,0.7184875,0.5648482,114.29233,0.999999,0.99728537,310,0.9677507,6.0250473,115.69152,0.999999,0.97643024,129,0.806407,7.248885,
sp|P0AAC0|USPE_ECOLI;TGISAAFLGNTAEQVIDHLR_3;b8;+1,sp|P0AAC0|USPE_ECOLI,TGISAAFLGNTAEQVIDHLR_3,b8+1,761.4192,,,,,,,115.32989,0.999999,0.999999,215,0.7505696,-1.8436738,115.463844,0.999999,0.99999654,189,0.87675065,21.803446,113.93002,0.999999,0.9999904,98,0.6905766,-1.1222363,114.29233,0.999999,0.99728537,250,0.6933157,-1.6833544,,,,,,,
sp|P0AAC0|USPE_ECOLI;TGISAAFLGNTAEQVIDHLR_3;b9;+1,sp|P0AAC0|USPE_ECOLI,TGISAAFLGNTAEQVIDHLR_3,b9+1,818.4407,,,,,,,,,,,,,,,,,,,113.93002,0.999999,0.9999904,98,0.67826355,-33.55872,,,,,,,,,,,,,
sp|P0AAC0|USPE_ECOLI;TGISAAFLGNTAEQVIDHLR_3;y10;+1,sp|P0AAC0|USPE_ECOLI,TGISAAFLGNTAEQVIDHLR_3,y10+1,1181.6273,,,,,,,115.32989,0.999999,0.999999,711,0.8416945,-7.1281796,115.463844,0.999999,0.99999654,357,0.9820152,4.132278,113.93002,0.999999,0.9999904,181,0.5216134,1.962832,114.29233,0.999999,0.99728537,398,0.96390474,7.2314863,,,,,,,
sp|P0AAC0|USPE_ECOLI;TGISAAFLGNTAEQVIDHLR_3;y10;+2,sp|P0AAC0|USPE_ECOLI,TGISAAFLGNTAEQVIDHLR_3,y10+2,591.3173,114.98429,0.999999,0.994838,73,0.28173462,-35.920197,,,,,,,,,,,,,,,,,,,,,,,,,,,,,,,
sp|P0AAC0|USPE_ECOLI;TGISAAFLGNTAEQVIDHLR_3;y11;+1,sp|P0AAC0|USPE_ECOLI,TGISAAFLGNTAEQVIDHLR_3,y11+1,1295.6703,114.98429,0.999999,0.994838,73,0.84559274,-3.956989,115.32989,0.999999,0.999999,233,0.96894234,9.3271885,115.463844,0.999999,0.99999654,194,0.95482415,3.2974908,,,,,,,114.29233,0.999999,0.99728537,343,0.8585236,12.153609,115.69152,0.999999,0.97643024,122,0.84084713,0.4710701,
sp|P0AAC0|USPE_ECOLI;TGISAAFLGNTAEQVIDHLR_3;y11;+2,sp|P0AAC0|USPE_ECOLI,TGISAAFLGNTAEQVIDHLR_3,y11+2,648.33875,114.98429,0.999999,0.994838,167,0.511103,11.673465,115.32989,0.999999,0.999999,720,0.8606084,-5.083606,115.463844,0.999999,0.99999654,583,0.92291373,7.9078307,113.93002,0.999999,0.9999904,243,0.7184875,-4.9894648,114.29233,0.999999,0.99728537,310,0.9677507,0.47070423,115.69152,0.999999,0.97643024,129,0.806407,1.6945351,
sp|P0AAC0|USPE_ECOLI;TGISAAFLGNTAEQVIDHLR_3;y12;+1,sp|P0AAC0|USPE_ECOLI,TGISAAFLGNTAEQVIDHLR_3,y12+1,1352.6917,114.98429,0.999999,0.994838,248,0.58543104,-7.6706147,115.32989,0.999999,0.999999,845,0.9600513,-0.18048505,115.463844,0.999999,0.99999654,737,0.9887849,-13.897349,113.93002,0.999999,0.9999904,321,0.5978302,2.3463056,114.29233,0.999999,0.99728537,917,0.958746,-5.5950365,115.69152,0.999999,0.97643024,229,0.96960485,10.377891,
sp|P0AAC0|USPE_ECOLI;TGISAAFLGNTAEQVIDHLR_3;y12;+2,sp|P0AAC0|USPE_ECOLI,TGISAAFLGNTAEQVIDHLR_3,y12+2,676.8495,114.98429,0.999999,0.994838,300,0.92853004,5.861399,115.32989,0.999999,0.999999,1722,0.90317017,3.877541,115.463844,0.999999,0.99999654,1253,0.99106085,5.771224,113.93002,0.999999,0.9999904,326,0.7969621,2.2543843,114.29233,0.999999,0.99728537,1079,0.9916192,2.5249104,115.69152,0.999999,0.97643024,299,0.7670182,0.3607015,
sp|P0AAC0|USPE_ECOLI;TGISAAFLGNTAEQVIDHLR_3;y13;+1,sp|P0AAC0|USPE_ECOLI,TGISAAFLGNTAEQVIDHLR_3,y13+1,1465.7758,114.98429,0.999999,0.994838,98,0.65204644,4.996821,115.32989,0.999999,0.999999,306,0.93544525,11.909089,115.463844,0.999999,0.99999654,258,0.91735375,7.0788293,113.93002,0.999999,0.9999904,73,0.9216004,1.4990462,114.29233,0.999999,0.99728537,284,0.76318145,2.7482514,115.69152,0.999999,0.97643024,73,0.33597773,-7.911633,
sp|P0AAC0|USPE_ECOLI;TGISAAFLGNTAEQVIDHLR_3;y13;+2,sp|P0AAC0|USPE_ECOLI,TGISAAFLGNTAEQVIDHLR_3,y13+2,733.39154,114.98429,0.999999,0.994838,291,0.9764139,-1.664463,115.32989,0.999999,0.999999,894,0.9649245,0.99867785,115.463844,0.999999,0.99999654,863,0.9829561,9.487439,113.93002,0.999999,0.9999904,323,0.77261436,7.4900837,114.29233,0.999999,0.99728537,816,0.9865532,2.3302484,115.69152,0.999999,0.97643024,188,0.8459989,9.071323,
sp|P0AAC0|USPE_ECOLI;TGISAAFLGNTAEQVIDHLR_3;y14;+2,sp|P0AAC0|USPE_ECOLI,TGISAAFLGNTAEQVIDHLR_3,y14+2,806.9257,114.98429,0.999999,0.994838,448,0.9931703,2.1178956,115.32989,0.999999,0.999999,1521,0.9702219,1.8909781,115.463844,0.999999,0.99999654,1220,0.9794261,1.3615043,113.93002,0.999999,0.9999904,236,0.914683,6.126769,114.29233,0.999999,0.99728537,1473,0.9550018,8.849778,115.69152,0.999999,0.97643024,216,0.8179401,5.975491,
sp|P0AAC0|USPE_ECOLI;TGISAAFLGNTAEQVIDHLR_3;y15;+2,sp|P0AAC0|USPE_ECOLI,TGISAAFLGNTAEQVIDHLR_3,y15+2,842.4443,114.98429,0.999999,0.994838,346,0.900668,5.433756,115.32989,0.999999,0.999999,1371,0.9864384,2.608203,115.463844,0.999999,0.99999654,1329,0.9663043,3.7674043,113.93002,0.999999,0.9999904,455,0.94183195,0.4347005,114.29233,0.999999,0.99728537,1469,0.9677587,0.14490016,115.69152,0.999999,0.97643024,227,0.71482193,3.2602537,
sp|P0AAC0|USPE_ECOLI;TGISAAFLGNTAEQVIDHLR_3;y16;+2,sp|P0AAC0|USPE_ECOLI,TGISAAFLGNTAEQVIDHLR_3,y16+2,877.9628,114.98429,0.999999,0.994838,221,0.9909001,3.8930678,115.32989,0.999999,0.999999,844,0.811949,4.8663344,115.463844,0.999999,0.99999654,885,0.90460503,2.6417246,113.93002,0.999999,0.9999904,178,0.9721454,11.957279,114.29233,0.999999,0.99728537,1039,0.84764564,0.97326696,115.69152,0.999999,0.97643024,196,0.68315136,4.101625,
sp|P0AAC0|USPE_ECOLI;TGISAAFLGNTAEQVIDHLR_3;y17;+2,sp|P0AAC0|USPE_ECOLI,TGISAAFLGNTAEQVIDHLR_3,y17+2,921.4789,114.98429,0.999999,0.994838,646,0.9127519,11.392607,115.32989,0.999999,0.999999,2130,0.958574,7.418442,115.463844,0.999999,0.99999654,2652,0.9719206,3.5105126,113.93002,0.999999,0.9999904,671,0.95531785,5.6300673,114.29233,0.999999,0.99728537,2306,0.9574825,4.437818,115.69152,0.999999,0.97643024,714,0.4854341,-10.66401,
sp|P0AAC0|USPE_ECOLI;TGISAAFLGNTAEQVIDHLR_3;y18;+2,sp|P0AAC0|USPE_ECOLI,TGISAAFLGNTAEQVIDHLR_3,y18+2,978.0209,,,,,,,115.32989,0.999999,0.999999,98,0.8141662,2.0594244,,,,,,,,,,,,,,,,,,,,,,,,,
sp|P0AAC0|USPE_ECOLI;TGISAAFLGNTAEQVIDHLR_3;y19;+2,sp|P0AAC0|USPE_ECOLI,TGISAAFLGNTAEQVIDHLR_3,y19+2,1006.5316,,,,,,,115.32989,0.999999,0.999999,98,0.91977894,2.9713151,,,,,,,,,,,,,114.29233,0.999999,0.99728537,73,0.79101497,13.94699,115.69152,0.999999,0.97643024,73,0.66345274,-2.3649244,
sp|P0AAC0|USPE_ECOLI;TGISAAFLGNTAEQVIDHLR_3;y2;+1,sp|P0AAC0|USPE_ECOLI,TGISAAFLGNTAEQVIDHLR_3,y2+1,288.203,,,,,,,,,,,,,115.463844,0.999999,0.99999654,510,0.9479071,-1.3765593,,,,,,,114.29233,0.999999,0.99728537,708,0.9813242,2.6472294,,,,,,,
sp|P0AAC0|USPE_ECOLI;TGISAAFLGNTAEQVIDHLR_3;y3;+1,sp|P0AAC0|USPE_ECOLI,TGISAAFLGNTAEQVIDHLR_3,y3+1,425.26193,114.98429,0.999999,0.994838,591,0.95412356,-3.6598537,115.32989,0.999999,0.999999,2141,0.9423268,-5.4539,115.463844,0.999999,0.99999654,2253,0.98441553,-5.7409472,113.93002,0.999999,0.9999904,636,0.9565223,3.6598537,114.29233,0.999999,0.99728537,2331,0.99480075,-3.3010445,115.69152,0.999999,0.97643024,339,0.93752915,-5.5256615,
sp|P0AAC0|USPE_ECOLI;TGISAAFLGNTAEQVIDHLR_3;y4;+1,sp|P0AAC0|USPE_ECOLI,TGISAAFLGNTAEQVIDHLR_3,y4+1,540.2889,114.98429,0.999999,0.994838,377,0.96790946,6.5521226,115.32989,0.999999,0.999999,955,0.91200393,-1.1296763,115.463844,0.999999,0.99999654,1434,0.84353775,-1.8074821,113.93002,0.999999,0.9999904,388,0.77284026,3.1630938,114.29233,0.999999,0.99728537,932,0.93156785,3.8408995,115.69152,0.999999,0.97643024,224,0.5863065,-1.9204497,
sp|P0AAC0|USPE_ECOLI;TGISAAFLGNTAEQVIDHLR_3;y5;+1,sp|P0AAC0|USPE_ECOLI,TGISAAFLGNTAEQVIDHLR_3,y5+1,653.3729,114.98429,0.999999,0.994838,386,0.81247944,0.186831,115.32989,0.999999,0.999999,914,0.9643515,1.681479,115.463844,0.999999,0.99999654,1274,0.9756309,-1.2144015,113.93002,0.999999,0.9999904,322,0.9720722,-1.494648,114.29233,0.999999,0.99728537,891,0.9887338,5.511514,115.69152,0.999999,0.97643024,211,0.48448673,7.192993,
sp|P0AAC0|USPE_ECOLI;TGISAAFLGNTAEQVIDHLR_3;y6;+1,sp|P0AAC0|USPE_ECOLI,TGISAAFLGNTAEQVIDHLR_3,y6+1,752.44135,114.98429,0.999999,0.994838,236,0.64988023,-0.973394,115.32989,0.999999,0.999999,669,0.9688057,3.406879,115.463844,0.999999,0.99999654,524,0.9926735,-2.433485,113.93002,0.999999,0.9999904,216,0.7106173,-0.6489293,114.29233,0.999999,0.99728537,677,0.9765573,2.027904,115.69152,0.999999,0.97643024,136,0.8804784,-1.2167425,
sp|P0AAC0|USPE_ECOLI;TGISAAFLGNTAEQVIDHLR_3;y7;+1,sp|P0AAC0|USPE_ECOLI,TGISAAFLGNTAEQVIDHLR_3,y7+1,880.49994,114.98429,0.999999,0.994838,161,0.9803268,-2.4261563,115.32989,0.999999,0.999999,572,0.9758393,6.7932377,115.463844,0.999999,0.99999654,650,0.96649253,0.20795625,113.93002,0.999999,0.9999904,303,0.76031166,2.7034314,,,,,,,115.69152,0.999999,0.97643024,149,0.5603927,13.725113,
sp|P0AAC0|USPE_ECOLI;TGISAAFLGNTAEQVIDHLR_3;y8;+1,sp|P0AAC0|USPE_ECOLI,TGISAAFLGNTAEQVIDHLR_3,y8+1,1009.54254,114.98429,0.999999,0.994838,252,0.82278705,-36.758606,115.32989,0.999999,0.999999,849,0.98591787,0.66504055,115.463844,0.999999,0.99999654,734,0.9744018,9.91515,113.93002,0.999999,0.9999904,300,0.53037643,8.040945,114.29233,0.999999,0.99728537,712,0.9803714,1.6928304,115.69152,0.999999,0.97643024,217,0.5734851,3.6274939,
sp|P0AAC0|USPE_ECOLI;TGISAAFLGNTAEQVIDHLR_3;y9;+1,sp|P0AAC0|USPE_ECOLI,TGISAAFLGNTAEQVIDHLR_3,y9+1,1080.5796,114.98429,0.999999,0.994838,277,0.9622656,-7.907721,115.32989,0.999999,0.999999,648,0.96196467,2.9371536,115.463844,0.999999,0.99999654,641,0.829569,-3.7279255,,,,,,,114.29233,0.999999,0.99728537,603,0.9415868,-1.5815442,115.69152,0.999999,0.97643024,218,0.9023349,-2.033414,
sp|P0AAC0|USPE_ECOLI;TGISAAFLGNTAEQVIDHLR_3;y9;+2,sp|P0AAC0|USPE_ECOLI,TGISAAFLGNTAEQVIDHLR_3,y9+2,540.79346,,,,,,,115.32989,0.999999,0.999999,73,0.83600175,-0.7900356,,,,,,,,,,,,,,,,,,,,,,,,,
sp|P0AAC0|USPE_ECOLI;YYLNAGVPIEIK_2;b10;+1,sp|P0AAC0|USPE_ECOLI,YYLNAGVPIEIK_2,b10+1,1120.5673,,,,,,,,,,,,,,,,,,,,,,,,,81.59825,0.999883,0.9958318,122,0.91133934,0.32680854,,,,,,,
sp|P0AAC0|USPE_ECOLI;YYLNAGVPIEIK_2;b11;+1,sp|P0AAC0|USPE_ECOLI,YYLNAGVPIEIK_2,b11+1,1233.6514,,,,,,,82.34401,0.995474,0.9979489,98,0.7264297,-5.244372,,,,,,,,,,,,,,,,,,,,,,,,,
sp|P0AAC0|USPE_ECOLI;YYLNAGVPIEIK_2;b2;+1,sp|P0AAC0|USPE_ECOLI,YYLNAGVPIEIK_2,b2+1,327.1339,,,,,,,82.34401,0.995474,0.9979489,1654,0.65114486,-3.0784948,82.301765,-1,0.96299946,1511,0.65346575,3.3583581,,,,,,,81.59825,0.999883,0.9958318,1418,0.8512111,-4.1979475,,,,,,,
sp|P0AAC0|USPE_ECOLI;YYLNAGVPIEIK_2;b3;+1,sp|P0AAC0|USPE_ECOLI,YYLNAGVPIEIK_2,b3+1,440.218,,,,,,,,,,,,,82.301765,-1,0.96299946,630,0.7184699,-2.980923,,,,,,,81.59825,0.999883,0.9958318,434,0.78991437,-2.0797136,,,,,,,
sp|P0AAC0|USPE_ECOLI;YYLNAGVPIEIK_2;b4;+1,sp|P0AAC0|USPE_ECOLI,YYLNAGVPIEIK_2,b4+1,554.2609,,,,,,,,,,,,,,,,,,,,,,,,,81.59825,0.999883,0.9958318,251,0.7717314,4.8452754,,,,,,,
sp|P0AAC0|USPE_ECOLI;YYLNAGVPIEIK_2;b7;+2,sp|P0AAC0|USPE_ECOLI,YYLNAGVPIEIK_2,b7+2,391.1976,,,,,,,,,,,,,82.301765,-1,0.96299946,618,0.5274773,10.999501,,,,,,,,,,,,,,,,,,,
sp|P0AAC0|USPE_ECOLI;YYLNAGVPIEIK_2;b9;+2,sp|P0AAC0|USPE_ECOLI,YYLNAGVPIEIK_2,b9+2,496.266,,,,,,,,,,,,,,,,,,,,,,,,,81.59825,0.999883,0.9958318,122,0.8072445,28.65639,,,,,,,
sp|P0AAC0|USPE_ECOLI;YYLNAGVPIEIK_2;y10;+1,sp|P0AAC0|USPE_ECOLI,YYLNAGVPIEIK_2,y10+1,1053.6302,,,,,,,82.34401,0.995474,0.9979489,719,0.64241314,-0.57928437,,,,,,,,,,,,,81.59825,0.999883,0.9958318,603,0.7860922,6.6038423,,,,,,,
sp|P0AAC0|USPE_ECOLI;YYLNAGVPIEIK_2;y10;+2,sp|P0AAC0|USPE_ECOLI,YYLNAGVPIEIK_2,y10+2,527.3188,,,,,,,,,,,,,82.301765,-1,0.96299946,226,0.54279405,-7.754997,,,,,,,,,,,,,,,,,,,
sp|P0AAC0|USPE_ECOLI;YYLNAGVPIEIK_2;y11;+1,sp|P0AAC0|USPE_ECOLI,YYLNAGVPIEIK_2,y11+1,1216.6936,,,,,,,82.34401,0.995474,0.9979489,73,0.6330594,-2.6085682,,,,,,,,,,,,,,,,,,,,,,,,,
sp|P0AAC0|USPE_ECOLI;YYLNAGVPIEIK_2;y11;+2,sp|P0AAC0|USPE_ECOLI,YYLNAGVPIEIK_2,y11+2,608.85046,,,,,,,,,,,,,82.301765,-1,0.96299946,73,0.876278,-24.861143,,,,,,,,,,,,,,,,,,,
sp|P0AAC0|USPE_ECOLI;YYLNAGVPIEIK_2;y2;+1,sp|P0AAC0|USPE_ECOLI,YYLNAGVPIEIK_2,y2+1,260.19687,,,,,,,,,,,,,,,,,,,,,,,,,81.59825,0.999883,0.9958318,876,0.745516,7.5063357,,,,,,,
sp|P0AAC0|USPE_ECOLI;YYLNAGVPIEIK_2;y3;+1,sp|P0AAC0|USPE_ECOLI,YYLNAGVPIEIK_2,y3+1,389.23947,,,,,,,82.34401,0.995474,0.9979489,338,0.5833712,-2.9793174,,,,,,,,,,,,,,,,,,,,,,,,,
sp|P0AAC0|USPE_ECOLI;YYLNAGVPIEIK_2;y4;+1,sp|P0AAC0|USPE_ECOLI,YYLNAGVPIEIK_2,y4+1,502.32352,,,,,,,82.34401,0.995474,0.9979489,73,0.9492945,30.194159,,,,,,,,,,,,,,,,,,,,,,,,,
sp|P0AAC0|USPE_ECOLI;YYLNAGVPIEIK_2;y5;+1,sp|P0AAC0|USPE_ECOLI,YYLNAGVPIEIK_2,y5+1,599.3763,,,,,,,82.34401,0.995474,0.9979489,1574,0.68686676,0.5091556,82.301765,-1,0.96299946,1254,0.5678271,-1.9347912,,,,,,,81.59825,0.999883,0.9958318,2471,0.80516577,1.8329601,,,,,,,
sp|P0AAC0|USPE_ECOLI;YYLNAGVPIEIK_2;y5;+2,sp|P0AAC0|USPE_ECOLI,YYLNAGVPIEIK_2,y5+2,300.19177,,,,,,,,,,,,,82.301765,-1,0.96299946,275,0.68539745,10.471008,,,,,,,,,,,,,,,,,,,
sp|P0AAC0|USPE_ECOLI;YYLNAGVPIEIK_2;y6;+1,sp|P0AAC0|USPE_ECOLI,YYLNAGVPIEIK_2,y6+1,698.4447,,,,,,,,,,,,,,,,,,,,,,,,,81.59825,0.999883,0.9958318,196,0.8488875,2.7963917,,,,,,,
sp|P0AAC0|USPE_ECOLI;YYLNAGVPIEIK_2;y7;+1,sp|P0AAC0|USPE_ECOLI,YYLNAGVPIEIK_2,y7+1,755.4662,,,,,,,82.34401,0.995474,0.9979489,826,0.90842,4.6859,82.301765,-1,0.96299946,866,0.5027131,-5.5746055,,,,,,,81.59825,0.999883,0.9958318,889,0.8705331,0.7271224,,,,,,,
sp|P0AAC0|USPE_ECOLI;YYLNAGVPIEIK_2;y8;+1,sp|P0AAC0|USPE_ECOLI,YYLNAGVPIEIK_2,y8+1,826.5033,,,,,,,82.34401,0.995474,0.9979489,428,0.80322915,7.310897,,,,,,,,,,,,,81.59825,0.999883,0.9958318,423,0.86266726,8.270914,,,,,,,
sp|P0AAC0|USPE_ECOLI;YYLNAGVPIEIK_2;y9;+1,sp|P0AAC0|USPE_ECOLI,YYLNAGVPIEIK_2,y9+1,940.5462,,,,,,,82.34401,0.995474,0.9979489,784,0.89990675,8.565917,82.301765,-1,0.96299946,617,0.62312543,-4.2829585,,,,,,,81.59825,0.999883,0.9958318,1011,0.8551303,4.866998,,,,,,,
