File Name	Base Sequence	Full Sequence	Protein Group	Peptide Monoisotopic Mass	MS2 Retention Time	Precursor Charge	Theoretical MZ	Peak intensity	Peak RT Start	Peak RT Apex	Peak RT End	Peak MZ	Peak Charge	Num Charge States Observed	Peak Detection Type	MBR Score	PSMs Mapped	Base Sequences Mapped	Full Sequences Mapped	Peak Split Valley RT	Peak Apex Mass Error (ppm)
NEG1-calib	IQQLEALQR	IQQLEALQR	P30838	1097.619307	78.01078	2	549.81693	319076540	77.432615	77.619374	78.192004	549.8169887	2	2	MSMS		2	1	1	78.196383	0.106897558
NEG1-calib	SLEEAIQFINQR	SLEEAIQFINQR	P30838	1446.746692	113.81058	2	724.3806227	211165959	113.71186	113.96317	113.98093	724.3807132	2	2	MSMS		2	1	1	113.98531	0.125223556
NEG1-calib	SLEEAIQFINQR	SLEEAIQFINQR	P30838	1446.746692	114.32149	2	724.3806227	157021406	114.00119	114.02452	114.79741	724.3806801	2	2	MSMS		2	1	1	114.80179	0.079355293
NEG1-calib	TPLTATLSK	TPLTATLSK	P01876	930.5385971	72.172593	2	466.276575	154805413	72.098296	72.37639	72.969174	466.2765862	2	2	MSMS		2	1	1	72.974744	0.023996947
NEG1-calib	VAYGGTGDAATR	VAYGGTGDAATR	P30838	1137.541451	54.285252	2	569.7780018	129471173	54.220215	54.434386	55.62496	569.7781949	2	2	MSMS		2	1	1	55.648187	0.339508305
NEG1-calib	AEFAEVSK	AEFAEVSK	P02768	879.4337977	61.409223	2	440.7241753	117375594	61.330261	61.476132	62.043303	440.7243602	2	2	MSMS		2	1	1	62.053893	0.420382417
NEG1-calib	KVPQVSTPTLVEVSR	KVPQVSTPTLVEVSR	P02768	1638.93047	84.656011	2	820.4725117	113281073.3	84.519893	84.788391	87.002974	547.3176985	3	2	MSMS		5	1	1	87.015328	0.485581485
NEG1-calib	QITVNDLPVGR	QITVNDLPVGR	P32119;Q06830	1210.666986	90.419302	2	606.3407692	112599431	90.347256	90.588529	91.953608	606.340825	2	3	MSMS		3	1	1	0	0.092222643
NEG1-calib	VAAEDWK	VAAEDWK	P01876;P01877	817.3970182	61.38264	2	409.7057856	112336746	61.309721	61.476132	62.830277	409.7058351	2	2	MSMS		1	1	1	0	0.121117933
NEG2-calib	HAVSEGTK	HAVSEGTK	P06899;Q5QNW6;Q99880	827.4137309	23.25727	2	414.7141419	268659524	23.17441	23.189946	25.057901	414.7141596	2	2	MSMS		1	1	1	0	0.04280578
NEG2-calib	TPLTATLSK	TPLTATLSK	P01876	930.5385971	72.120425	2	466.276575	149074364	71.620105	71.890722	73.707498	466.2769481	2	2	MSMS		2	1	1	73.711877	0.801798779
NEG2-calib	WLQGSQELPR	WLQGSQELPR	P01876;P01877	1212.625121	83.70759	2	607.3198368	137221304	83.46592	83.653116	85.19065	607.320006	2	3	MSMS		2	1	1	0	0.279024805
NEG2-calib	QITVNDLPVGR	QITVNDLPVGR	P32119;Q06830	1210.666986	89.937633	2	606.3407692	136398510	89.880211	90.124565	91.484744	606.3404639	2	3	MSMS		3	1	1	0	-0.504446277
NEG2-calib	AILNYIASK	AILNYIASK	P08263;P09210	991.5702316	88.710653	2	496.7923923	126881563	88.648335	88.866802	90.120186	496.7921408	2	2	MSMS		2	1	1	0	-0.507183906
NEG2-calib	LQDAEIAR	LQDAEIAR	P06703	914.4821449	58.827924	2	458.2483489	119428682	58.760582	58.970606	59.923325	458.2485133	2	2	MSMS		3	1	1	59.927704	0.359658481
NEG2-calib	ISNLPTVK	ISNLPTVK	P08263;P09210	870.5174677	69.931786	2	436.2660103	118294747	69.316317	69.682626	71.411369	436.2662071	2	2	MSMS		2	1	1	0	0.452036428
NEG2-calib	IQQLEALQR	IQQLEALQR	P30838	1097.619307	77.040686	2	549.81693	116893455	76.970805	77.22192	79.400349	549.8167965	2	2	MSMS		3	1	1	0	-0.243195968
NEG2-calib	STDYGIFQINSR	STDYGIFQINSR	P61626	1399.673193	101.4797	2	700.843873	110166798	101.37623	101.63508	103.2541	700.8438027	2	3	MSMS		4	1	1	103.29127	-0.100452247
NEG2-calib	ATNYNAGDR	ATNYNAGDR	P61626	980.4311719	41.922354	2	491.2228624	106964034	41.282702	41.75465	42.768084	491.2232189	2	2	MSMS		2	1	1	42.772463	0.72722594
NEG2-calib	IVLQIDNAR	IVLQIDNAR	P05783;P08727	1040.597843	83.193025	2	521.3061981	104746173	82.638581	82.888092	84.282027	521.3064094	2	1	MSMS		3	1	1	0	0.406075555
POS1-calib	YICENQDSISSK	YIC[Common Fixed:Carbamidomethyl on C]ENQDSISSK	P02768	1442.634759	62.289972	1	1443.642036	183736235	62.268285	62.295477	62.358841	722.3254748	2	2	MSMS		1	1	1	62.251029	1.135058167
POS1-calib	INSWVESQTNEK	INSWVESQTNEK	P29508;P48594	1433.678672	71.853272	3	478.9001673	136698313.5	71.759431	71.874787	71.971492	717.8473051	2	3	MSMS		1	1	1	71.975871	0.965986297
POS1-calib	YICENQDSISSK	YIC[Common Fixed:Carbamidomethyl on C]ENQDSISSK	P02768	1442.634759	62.122999	2	722.324656	131249559.5	62.074397	62.24227	62.246649	722.3250216	2	1	MSMS		1	1	1	62.251029	0.506861228
POS1-calib	EIQTAVR	EIQTAVR	P06899;Q5QNW6;Q99880	815.4501165	51.650325	2	408.7323347	119965737	51.365504	51.823794	51.943005	408.7321274	2	2	MSMS		1	1	1	51.95355	-0.508307941
POS1-calib	LVTDLTK	LVTDLTK	P02768	788.4643695	66.870982	2	395.2394612	110765526	66.79417	67.017718	67.096625	395.2395048	2	2	MSMS		1	1	1	67.105545	0.110628307
POS1-calib	IQQLEALQR	IQQLEALQR	P30838	1097.619307	76.509156	2	549.81693	107973145	76.447162	76.663494	76.831136	549.8166728	2	2	MSMS		1	1	1	76.835515	-0.468565969
POS1-calib	ILGATIENSR	ILGATIENSR	P08727	1072.587673	72.463469	2	537.3011127	103227261	72.345854	72.575953	72.605209	537.3013366	2	2	MSMS		1	1	1	72.609588	0.41733407
POS1-calib	AEFAEVSK	AEFAEVSK	P02768	879.4337977	60.466433	2	440.7241753	94559249	60.421458	60.445156	61.090882	440.7242164	2	2	MSMS		3	1	1	61.115619	0.093473283
POS1-calib	LAADDFR	LAADDFR	P02533;P05783;P08727;P08779;P13645;P13646;P19012;Q04695	806.3922672	69.132668	2	404.2034101	92829622	69.11607	69.301672	69.874806	404.2034971	2	2	MSMS		2	1	1	69.108806	0.215713903
POS1-calib	AQYEDIANR	AQYEDIANR	P05787	1078.504337	62.629639	2	540.2594449	91719005	62.583758	62.774408	62.855092	540.2592007	2	2	MSMS		1	1	1	62.859471	-0.452793699
POS1-calib	LQDAEIAR	LQDAEIAR	P06703	914.4821449	58.842856	2	458.2483489	86096198	58.434202	58.444152	59.139863	458.2483907	2	1	MSMS		1	1	1	58.4286	0.091423823
POS1-calib	IVLQIDNAR	IVLQIDNAR	P05783;P08727	1040.597843	82.109423	2	521.3061981	85717000	82.052961	82.312224	82.57147	521.306156	2	2	MSMS		1	1	1	82.580433	-0.081009853
POS2-calib	LQDAEIAR	LQDAEIAR	P06703	914.4821449	58.719091	2	458.2483489	92813283.5	58.13327	58.338654	58.967779	458.2480924	2	2	MSMS		2	1	1	58.972159	-0.561040999
POS2-calib	LAADDFR	LAADDFR	P02533;P05783;P08727;P08779;P13645;P13646;P19012;Q04695	806.3922672	69.516874	2	404.2034101	88005197.5	68.945997	69.155108	70.337415	404.2034063	2	2	MSMS		3	1	1	0	-0.009460716
POS2-calib	EIQTAVR	EIQTAVR	P06899;Q5QNW6;Q99880	815.4501165	51.527668	2	408.7323347	84620619	51.257004	51.685156	53.45687	408.7322907	2	2	MSMS		1	1	1	0	-0.10790486
POS2-calib	DAVTYTEHAK	DAVTYTEHAK	P62805	1133.535303	50.240492	2	567.7749278	77780396	50.149396	50.340557	51.080343	567.7747082	2	3	MSMS		2	1	1	51.085912	-0.387499548
POS2-calib	AQYEDIAQK	AQYEDIAQK	P04264	1064.513839	59.744009	2	533.2641959	69386418.5	59.659657	59.853372	59.86213	533.2640181	2	2	MSMS		1	1	1	59.866509	-0.334156478
POS2-calib	ILGATIENSR	ILGATIENSR	P08727	1072.587673	72.898683	2	537.3011127	60917458	72.255965	72.568817	73.761274	537.3009612	2	1	MSMS		2	1	1	73.775654	-0.282647493
POS2-calib	DNIQGITKPAIR	DNIQGITKPAIR	P62805	1324.746298	71.430526	2	663.3804257	51797834	71.339312	71.557135	71.881818	663.3810406	2	2	MSMS		2	1	1	71.886198	0.928333199
POS2-calib	ALEESNYELEGK	ALEESNYELEGK	P13645	1380.64089	74.35782	2	691.3277214	44708402	74.295254	74.535804	74.781315	691.328014	2	1	MSMS		1	1	1	74.785694	0.423792704
POS2-calib	SLDLDSIIAEVK	SLDLDSIIAEVK	P04264	1301.707847	127.53429	2	651.8612001	43925318	127.43095	127.70659	127.71097	651.8615331	2	3	MSMS		2	1	1	127.71535	0.511637635
POS2-calib	AEFAEVSK	AEFAEVSK	P02768	879.4337977	60.759441	2	440.7241753	43802113.75	60.193768	60.403868	61.453801	440.7244976	2	2	MSMS		2	1	1	61.45818	0.732847008
POS2-calib	SLDLDSIIAEVK	SLDLDSIIAEVK	P04264	1301.707847	128.04004	2	651.8612001	42338562.5	127.74531	127.75971	129.69436	651.861412	2	2	MSMS		1	1	1	127.73969	0.325541445
POS2-calib	YICENQDSISSK	YIC[Common Fixed:Carbamidomethyl on C]ENQDSISSK	P02768	1442.634759	62.013315	2	722.324656	41849143.25	61.920559	62.149128	62.641722	722.3251487	2	1	MSMS		1	1	1	62.646101	0.682997373
POS2-calib	QVHPDTGISSK	QVHPDTGISSK	P06899;Q5QNW6;Q99880	1167.588401	46.013152	2	584.8014769	39345548	45.914524	46.096436	47.771825	390.2032727	3	3	MSMS		3	1	1	0	-0.353048303